<?xml version="1.0" encoding="UTF-8"?>
<addon id="skin.skyq" version="2.4.8" name="Sky Q" provider-name="moshii">
	<requires>
		<import addon="xbmc.gui" version="5.15.0"/>
	</requires>
	<extension point="xbmc.gui.skin" debugging="false">
		<res width="1920" height="1440" aspect="4:3" default="false" folder="xml" />
		<res width="1920" height="1280" aspect="3:2" default="false" folder="xml" />
		<res width="1920" height="1200" aspect="16:10" default="false" folder="xml" />
		<res width="1920" height="1080" aspect="16:9" default="true" folder="xml" />
		<res width="2560" height="1080" aspect="21:9" default="false" folder="xml" />
	</extension>
	<extension point="xbmc.addon.metadata">
		<platform>all</platform>
		<license>CC BY-SA 4.0, GNU GENERAL PUBLIC LICENSE Version 2.0</license>
		<forum>http://forum.kodi.tv/</forum>
		<source></source>
		<assets>
			<icon>resources/icon.png</icon>
			<fanart>resources/fanart.jpg</fanart>
		</assets>
		<summary lang="en_gb">Sky Q MOD of Estuary skin by Moshii.</summary>
		<description lang="en_gb">Sky Q skin is a MOD of Estuary to make it look so much like a popular UK TV.</description>
	</extension>
</addon>
