<?xml version="1.0" encoding="UTF-8"?>
<window>
    <controls>
        <control type="image">
            <left>0</left>
            <top>0</top>
            <width>1920</width>
            <height>1080</height>
            <texture>common/black.png</texture>
            <animation type="WindowOpen" reversible="false">
                <effect type="fade" start="0" end="80" time="200" tween="sine" easing="in" />
            </animation>
        </control>
        <control type="group">
            <animation type="WindowOpen" reversible="false">
                <effect type="fade" start="0" end="100" time="150" tween="sine" easing="in" />
                <effect type="zoom" start="0" end="100" time="150" center="auto" tween="quadratic" easing="out" />
            </animation>
            <left>440</left>
            <top>345</top>
            <control type="group">
                <left>5</left>
                <top>5</top>
                <control type="image">
                    <left>-5</left>
                    <top>-5</top>
                    <height>430</height>
                    <width>1050</width>
                    <texture colordiffuse="FF000000">common/white.png</texture>
                </control>
                <control type="image">
                    <height>390</height>
                    <width>780</width>
                    <aspectratio aligny="top">scale</aspectratio>
                    <texture>$INFO[Window.Property(tikiskins.source_progress.fanart)]</texture>
                    <animation effect="fade" start="100" end="20" time="0" tween="sine">WindowOpen</animation>
                </control>
                <control type="image">
                    <left>5</left>
                    <top>5</top>
                    <width>45</width>
                    <height>45</height>
                    <align>right</align>
                    <aligny>top</aligny>
                    <aspectratio aligny="top">keep</aspectratio>
                    <texture colordiffuse="B3CCCCCC">common/fen.png</texture>
                </control>
                <control type="image">
                    <left>780</left>
                    <width>260</width>
                    <height>390</height>
                    <aspectratio>scale</aspectratio>
                    <aspectratio aligny="top">stretch</aspectratio>
                    <texture>$INFO[Window.Property(tikiskins.source_progress.poster)]</texture>
                </control>
                <control type="image">
                    <top>5</top>
                    <left>20</left>
                    <height max="160">auto</height>
                    <width max="750">auto</width>
                    <align>center</align>
                    <aligny>center</aligny>
                    <aspectratio>keep</aspectratio>
                    <texture>$INFO[Window.Property(tikiskins.source_progress.clearlogo)]</texture>
                    <visible>!String.IsEmpty(Window.Property(tikiskins.source_progress.clearlogo))</visible>
                </control>
                <control type="label">
                    <top>70</top>
                    <left>20</left>
                    <width>750</width>
                    <height>20</height>
                    <aligny>bottom</aligny>
                    <align>center</align>
                    <font>font30</font>
                    <label>[B]$INFO[Window.Property(tikiskins.source_progress.title)][/B]</label>
                    <visible>String.IsEmpty(Window.Property(tikiskins.source_progress.clearlogo))</visible>
                </control>
                <control type="textbox" id="2000">
                    <top>190</top>
                    <left>20</left>
                    <width>740</width>
                    <height>170</height>
                    <font>font12</font>
                    <align>center</align>
                    <textcolor>FFB7B4BB</textcolor>
                </control>
                <control type="label">
                    <top>-40</top>
                    <left>0</left>
                    <width>1035</width>
                    <height>5</height>
                    <font>font10</font>
                    <align>left</align>
                    <aligny>bottom</aligny>
                    <label>[COLOR B3CCCCCC][B]$ADDON[plugin.video.fen 33061][/B][/COLOR]</label>
                </control>
                <control type="progress" id="5000">
                    <description>Progressbar</description>
                    <top>395</top>
                    <left>0</left>
                    <width>1040</width>
                    <height>25</height>
                    <reveal>true</reveal>
                </control>
            </control>
        </control>
    </controls>
</window>
