<?xml version="1.0" encoding="UTF-8" standalone="yes"?>
<addon id="plugin.program.omobatvwizard" name="[COLOR limegreen][B]OmobaTV[/COLOR] Wizard[/B]" version="1.1" provider-name="OmobaTV">
    <requires>
        <import addon="xbmc.python" version="2.1.0" />
        <import addon="script.module.requests" />
        <import addon="script.module.six" />
    </requires>

    <extension point="xbmc.python.pluginsource" library="default.py">
        <provides>executable</provides>
    </extension>

    <extension point="xbmc.service" library="startup.py" start="startup" />

    <extension point="xbmc.addon.metadata">
        <summary lang="en">[B][COLOR limegreen]OmobaTV[/COLOR] Wizard</summary>
        <description lang="en">[COLOR limegreen]OmobaTV[/COLOR] Wizard offers many maintenance features and automated build installs from OmobaTV.</description>
        <platform>all</platform>
        <reuselanguageinvoker>false</reuselanguageinvoker>
        <source>https://</source>
        <news>
         1.0.0
         - Initial Commit
        </news>
        <assets>
            <icon>icon.png</icon>
            <fanart>fanart.png</fanart>
        </assets>
    </extension>
</addon>
