<?xml version="1.0" encoding="UTF-8" standalone="yes"?>
<addon id="repository.Ardavetv" name="Ardave TV" version="2.0.2" provider-name="omoobatv">
    <extension point="xbmc.addon.repository" name="omoobatv">
        <dir minversion="18.0.0" maxversion="18.9.9">
            <info compressed="false">https://raw.githubusercontent.com/omoobatv/repository.Ardavetv/master/leia/zips/addons.xml</info>
            <checksum>https://raw.githubusercontent.com/omoobatv/repository.Ardavetv/master/leia/zips/addons.xml.md5</checksum>
            <datadir zip="true">https://raw.githubusercontent.com/omoobatv/repository.Ardavetv/master/leia/zips/</datadir>
        </dir>

        <dir minversion="19.0.0">
            <info compressed="false">https://raw.githubusercontent.com/omoobatv/repository.Ardavetv/master/matrix/zips/addons.xml</info>
            <checksum>https://raw.githubusercontent.com/omoobatv/repository.Ardavetv/master/matrix/zips/addons.xml.md5</checksum>
            <datadir zip="true">https://raw.githubusercontent.com/omoobatv/repository.Ardavetv/master/matrix/zips/</datadir>
        </dir>

    </extension>
    <extension point="xbmc.addon.metadata">
        <summary>Ardave TV</summary>
        <description>Anything Kodi</description>
        <disclaimer></disclaimer>
        <platform>all</platform>
        <assets>
            <icon>icon.png</icon>
            <fanart>fanart.jpg</fanart>
        </assets>
    </extension>
</addon>
