<?xml version="1.0" encoding="UTF-8"?>
<window>
	<visible>Player.Seeking | Player.DisplayAfterSeek | [Player.Paused + !Player.Caching] | Player.Forwarding | Player.Rewinding | Player.ShowInfo | Window.IsActive(fullscreeninfo) | Player.ShowTime | Window.IsActive(videoosd) | Window.IsActive(musicosd) | Window.IsActive(playerprocessinfo) | !String.IsEmpty(Player.SeekNumeric) | !String.IsEmpty(PVR.ChannelNumberInput)</visible>
	<visible>![Window.IsActive(sliderdialog) | Window.IsActive(pvrosdchannels) | Window.IsActive(pvrchannelguide) | Window.IsActive(pvrguideinfo) | Window.IsActive(1110)]</visible>
	<visible>Window.IsActive(fullscreenvideo) | Window.IsActive(visualisation)</visible>
	<depth>DepthOSD</depth>
	<zorder>0</zorder>
	<controls>
		<control type="group">
			<bottom>0</bottom>
			<height>190</height>
			<control type="image">
				<left>-40</left>
				<width>120%</width>
				<height>200</height>
				<texture flipy="true">frame/osdfade.png</texture>
			</control>
			<control type="group">
				<visible>!Window.IsVisible(videoosd) + !Window.IsVisible(musicosd)</visible>
				<animation effect="fade" time="200">VisibleChange</animation>
				<control type="image">
					<left>30</left>
					<top>90</top>
					<width>120</width>
					<height>99</height>
					<texture>$INFO[MusicPlayer.Codec,flags/audiocodec/,.png]</texture>
					<aspectratio>keep</aspectratio>
					<visible>!Player.ChannelPreviewActive</visible>
				</control>
				<control type="image">
					<left>200</left>
					<top>120</top>
					<width>264</width>
					<height>40</height>
					<texture>$INFO[MusicPlayer.UserRating,flags/starrating/,.png]</texture>
					<aspectratio>keep</aspectratio>
				</control>
				<control type="label">
					<top>110</top>
					<left>20</left>
					<width>400</width>
					<height>50</height>
					<aligny>center</aligny>
					<font>font30</font>
					<wrapmultiline>true</wrapmultiline>
					<label>[COLOR button_focus]$LOCALIZE[21396]:[CR][/COLOR]$INFO[player.chapter]$INFO[player.chaptercount, / ]</label>
					<visible>player.chaptercount</visible>
				</control>
				<control type="group">
					<visible>Player.Recording + !PVR.ChannelPreviewActive</visible>
					<control type="image">
						<top>100</top>
						<left>20</left>
						<width>74</width>
						<height>74</height>
						<texture>osd/fullscreen/buttons/record.png</texture>
					</control>
					<control type="label">
						<top>110</top>
						<left>90</left>
						<width>400</width>
						<height>50</height>
						<aligny>center</aligny>
						<font>font25_title</font>
						<label>$LOCALIZE[19158]</label>
					</control>
				</control>
				<control type="label">
					<top>110</top>
					<right>20</right>
					<width>400</width>
					<height>50</height>
					<align>right</align>
					<aligny>center</aligny>
					<font>font30</font>
					<wrapmultiline>true</wrapmultiline>
					<visible>!Window.IsActive(fullscreeninfo)</visible>
					<animation effect="fade" time="200">VisibleChange</animation>
					<label>$INFO[Player.TimeRemaining,[COLOR button_focus]$LOCALIZE[31134]:[CR][/COLOR]]</label>
				</control>
			</control>
			<control type="label">
				<centerleft>50%</centerleft>
				<top>110</top>
				<width>50%</width>
				<height>75</height>
				<align>center</align>
				<aligny>bottom</aligny>
				<animation delay="0" effect="slide" time="120" start="0,0" end="0,-20" tween="sine" easing="inout" condition="!String.IsEmpty(Control.GetLabel(40000))">Conditional</animation>
				<label>$VAR[SeekTimeLabelVar]</label>
				<font>font45</font>
				<shadowcolor>black</shadowcolor>
				<visible>!Player.ChannelPreviewActive</visible>
				<animation effect="fade" start="0" end="100" time="200" delay="1000">Visible</animation>
			</control>
			<control type="label" id="40000">
				<centerleft>50%</centerleft>
				<top>134</top>
				<width>50%</width>
				<height>60</height>
				<align>center</align>
				<aligny>center</aligny>
				<label>$VAR[SeekLabel]</label>
				<shadowcolor>black</shadowcolor>
			</control>
			<control type="group" id="6000">
				<top>-5</top>
				<visible>PVR.IsTimeShift + !Player.ChannelPreviewActive</visible>
				<animation effect="fade" time="300">VisibleChange</animation>
				<control type="label">
					<top>0</top>
					<right>20</right>
					<width>400</width>
					<height>50</height>
					<align>right</align>
					<aligny>center</aligny>
					<font>font30</font>
					<label>$INFO[PVR.TimeShiftEnd]</label>
				</control>
				<control type="label">
					<top>0</top>
					<left>20</left>
					<width>400</width>
					<height>50</height>
					<align>left</align>
					<aligny>center</aligny>
					<font>font30</font>
					<label>$INFO[PVR.TimeShiftStart]</label>
				</control>
				<control type="label">
					<top>0</top>
					<left>20</left>
					<right>20</right>
					<height>50</height>
					<align>center</align>
					<aligny>center</aligny>
					<font>font30</font>
					<label>[B]$LOCALIZE[31026][/B] $INFO[PVR.timeshiftcur]</label>
				</control>
				<control type="progress">
					<left>0</left>
					<top>50</top>
					<width>100%</width>
					<height>15</height>
					<info>PVR.timeshiftprogress</info>
					<texturebg border="3" colordiffuse="60FFFFFF">colors/white50.png</texturebg>
					<midtexture>colors/white50.png</midtexture>
				</control>
			</control>
			<control type="progress">
				<left>0</left>
				<top>70</top>
				<width>100%</width>
				<height>15</height>
				<info>Player.ProgressCache</info>
				<texturebg border="3" colordiffuse="60FFFFFF">colors/white50.png</texturebg>
				<midtexture>colors/white50.png</midtexture>
				<visible>!Player.ChannelPreviewActive</visible>
			</control>
			<control type="progress">
				<left>0</left>
				<top>70</top>
				<width>100%</width>
				<height>15</height>
				<info>Player.Progress</info>
				<texturebg border="3" colordiffuse="60FFFFFF">colors/white50.png</texturebg>
				<midtexture colordiffuse="button_focus">colors/white.png</midtexture>
			</control>
			<control type="slider" id="401">
				<left>5</left>
				<top>65</top>
				<width>100%</width>
				<height>25</height>
				<texturesliderbar colordiffuse="00FFFFFF">osd/progress/nub_bar.png</texturesliderbar>
				<textureslidernib colordiffuse="button_focus">osd/progress/nub_bar.png</textureslidernib>
				<textureslidernibfocus colordiffuse="button_focus">colors/white.png</textureslidernibfocus>
				<visible>!VideoPlayer.Content(livetv)</visible>
			</control>
		</control>
		<control type="group">
			<visible>Player.ShowInfo + VideoPlayer.Content(LiveTV) + Window.IsActive(fullscreenvideo) + !Window.IsActive(fullscreeninfo)</visible>
			<animation effect="fade" time="400">VisibleChange</animation>
			<animation effect="slide" end="0,-80" time="150" condition="Control.IsVisible(6000)">conditional</animation>
			<bottom>0</bottom>
			<height>380</height>
			<control type="image">
				<left>0</left>
				<width>100%</width>
				<height>240</height>
				<texture>dialogs/dialog-bg-nobo.png</texture>
			</control>
			<control type="image">
				<left>30</left>
				<top>20</top>
				<width>200</width>
				<height>200</height>
				<aspectratio aligny="center">keep</aspectratio>
				<texture>$INFO[Player.Art(thumb)]</texture>
			</control>
			<control type="label">
				<left>20</left>
				<width>220</width>
				<top>-80</top>
				<height>25</height>
				<label>$INFO[VideoPlayer.ChannelNumberLabel]</label>
				<shadowcolor>black</shadowcolor>
				<align>center</align>
				<font>WeatherTemp</font>
				<aligny>center</aligny>
			</control>
			<control type="label">
				<right>20</right>
				<width>800</width>
				<top>190</top>
				<height>25</height>
				<label>$INFO[VideoPlayer.NextTitle,[COLOR grey]$LOCALIZE[19031]: [/COLOR], - ][COLOR button_focus]$INFO[VideoPlayer.NextStartTime]$INFO[VideoPlayer.NextEndTime: ][/COLOR]</label>
				<align>right</align>
				<aligny>center</aligny>
				<visible>VideoPlayer.HasEpg</visible>
			</control>
			<control type="label">
				<left>260</left>
				<right>50</right>
				<top>20</top>
				<height>25</height>
				<label>$INFO[VideoPlayer.Title]$INFO[VideoPlayer.EpisodeName, (,)]</label>
				<align>left</align>
				<font>font36_title</font>
				<aligny>center</aligny>
			</control>
			<control type="textbox">
				<left>260</left>
				<top>55</top>
				<right>50</right>
				<height>120</height>
				<label fallback="416">$INFO[VideoPlayer.Plot]</label>
				<align>justify</align>
				<autoscroll delay="5000" repeat="7500" time="5000"></autoscroll>
			</control>
			<control type="grouplist">
				<left>260</left>
				<top>175</top>
				<width>600</width>
				<height>100</height>
				<align>left</align>
				<orientation>horizontal</orientation>
				<itemgap>10</itemgap>
				<visible>!Player.ChannelPreviewActive</visible>
				<animation effect="fade" start="0" end="100" time="200" delay="1000">Visible</animation>
				<include content="MediaFlag">
					<param name="texture" value="$INFO[VideoPlayer.AudioChannels,flags/audiochannel/,.png]" />
					<param name="visible" value="!String.IsEmpty(VideoPlayer.AudioChannels)" />
				</include>
				<include content="MediaFlag">
					<param name="texture" value="$INFO[VideoPlayer.AudioCodec,flags/audiocodec/,.png]" />
					<param name="visible" value="!String.IsEmpty(VideoPlayer.AudioCodec)" />
				</include>
				<include content="MediaFlag">
					<param name="texture" value="$INFO[VideoPlayer.VideoAspect,flags/aspectratio/,.png]" />
					<param name="visible" value="!String.IsEmpty(VideoPlayer.VideoAspect)" />
				</include>
				<include content="MediaFlag">
					<param name="texture" value="$INFO[VideoPlayer.VideoCodec,flags/videocodec/,.png]" />
					<param name="visible" value="!String.IsEmpty(VideoPlayer.VideoCodec)" />
				</include>
			</control>
		</control>
	</controls>
</window>
