<?xml version="1.0" encoding="UTF-8" standalone="yes"?>
<addon id="repository.Ardavetv" name="Ardave TV" version="3.10.6" provider-name="omoobatv">
  <requires>
      <import addon="xbmc.addon" version="12.0.0"/>
  </requires>
    <extension point="xbmc.addon.repository" name="Ardave TV">
      <dir minversion="21.9.9" maxversion="22.9.0">
          <info compressed="false">https://raw.githubusercontent.com/omoobatv/omoobatv.github.io/master/piers/zips/addons.xml</info>
          <checksum>https://raw.githubusercontent.com/omoobatv/omoobatv.github.io/master/piers/zips/addons.xml.md5</checksum>
          <datadir zip="true">https://raw.githubusercontent.com/omoobatv/omoobatv.github.io/master/piers/zips/</datadir>
      </dir>
      <dir minversion="21.0.0" maxversion="22.9.0">
          <info compressed="false">https://raw.githubusercontent.com/omoobatv/omoobatv.github.io/master/omega/zips/addons.xml</info>
          <checksum>https://raw.githubusercontent.com/omoobatv/omoobatv.github.io/master/omega/zips/addons.xml.md5</checksum>
          <datadir zip="true">https://raw.githubusercontent.com/omoobatv/omoobatv.github.io/master/omega/zips/</datadir>
      </dir>
      <dir minversion="20.0.0" maxversion="22.9.0">
          <info compressed="false">https://raw.githubusercontent.com/omoobatv/omoobatv.github.io/master/nexus/zips/addons.xml</info>
          <checksum>https://raw.githubusercontent.com/omoobatv/omoobatv.github.io/master/nexus/zips/addons.xml.md5</checksum>
          <datadir zip="true">https://raw.githubusercontent.com/omoobatv/omoobatv.github.io/master/nexus/zips/</datadir>
      </dir>

        <dir minversion="18.0.0" maxversion="18.9.9">
            <info compressed="false">https://raw.githubusercontent.com/omoobatv/omoobatv.github.io/master/leia/zips/addons.xml</info>
            <checksum>https://raw.githubusercontent.com/omoobatv/omoobatv.github.io/master/leia/zips/addons.xml.md5</checksum>
            <datadir zip="true">https://raw.githubusercontent.com/omoobatv/omoobatv.github.io/master/leia/zips/</datadir>
        </dir>
        <dir minversion="19.0.0" maxversion="19.9.9">
            <info compressed="false">https://raw.githubusercontent.com/omoobatv/omoobatv.github.io/master/matrix/zips/addons.xml</info>
            <checksum>https://raw.githubusercontent.com/omoobatv/omoobatv.github.io/master/matrix/zips/addons.xml.md5</checksum>
            <datadir zip="true">https://raw.githubusercontent.com/omoobatv/omoobatv.github.io/master/matrix/zips/</datadir>
        </dir>
    </extension>
    <extension point="xbmc.addon.metadata">
        <summary>Ardave TV</summary>
        <description>Anything Kodi</description>
        <disclaimer></disclaimer>
        <platform>all</platform>
        <assets>
            <icon>icon.png</icon>
            <fanart>fanart.jpg</fanart>
        </assets>
    </extension>
</addon>
