<?xml version="1.0" encoding="UTF-8"?>
<window>
	<defaultcontrol>3</defaultcontrol>
	<backgroundcolor>background</backgroundcolor>
	<controls>
		<include>DefaultBackground</include>
		<control type="multiimage">
			<depth>DepthBackground</depth>
			<include>FullScreenDimensions</include>
			<aspectratio>scale</aspectratio>
			<animation effect="zoom" center="auto" end="102,102" time="0" condition="Integer.IsGreater(System.StereoscopicMode,0)">conditional</animation>
			<animation effect="fade" start="0" end="100" time="400" reversible="true" condition="!Window.Previous(Settings)">WindowOpen</animation>
			<animation effect="fade" start="100" end="0" time="300" reversible="true" condition="!Window.Next(Settings)">WindowClose</animation>
			<animation effect="fade" time="400">VisibleChange</animation>
			<imagepath colordiffuse="35FFFFFF">$INFO[Skin.String(HomeFanart.path)]settings$INFO[Skin.String(HomeFanart.ext)]</imagepath>
			<visible>!Player.HasMedia + !String.IsEmpty(Skin.String(HomeFanart.path))</visible>
		</control>
		<control type="image">
 		 <visible>!player.hasmedia</visible>
 		 <top>105</top>
 		 <left>43</left>
 		 <height>260</height>
 		 <width>444</width>
 		 <texture>special://skin/media/menuimage/setup.png</texture>
 	 </control>

		<!-- right hand section -->

		<control type="group">
			<include>OpenClose_Right</include>
			<control type="grouplist" id="5">
				<description>control area</description>
				<top>163</top>
				<left>500</left>
				<pagecontrol>60</pagecontrol>
				<right>0</right>
				<bottom>137</bottom>
				<onleft>3</onleft>
				<onright>60</onright>
				<onup>5</onup>
				<ondown>5</ondown>
			</control>


			<control type="image">
				<left>500</left>
				<top>160</top>
				<right>0</right>
				<height>2</height>
				<texture colordiffuse="button_focus" border="2">div-h.png</texture>
			</control>
			<control type="image">
				<left>500</left>
				<bottom>135</bottom>
				<right>0</right>
				<height>2</height>
				<texture colordiffuse="button_focus" border="2">div-h.png</texture>
			</control>
		</control>

		<control type="button" id="7">
			<description>Default Button</description>
			<include>DefaultSettingButton</include>
		</control>
		<control type="radiobutton" id="8">
			<description>Default RadioButton</description>
			<include>DefaultSettingButton</include>
		</control>
		<control type="spincontrolex" id="9">
			<description>Default SpinControlex</description>
			<include>DefaultSettingButton</include>
			<aligny>center</aligny>
		</control>
		<control type="sliderex" id="13">
			<description>Default Slider</description>
			<include>DefaultSettingButton</include>
			<aligny>center</aligny>
		</control>
		<control type="image" id="11">
			<description>separator image</description>
			<height>3</height>
			<texture colordiffuse="AAAAAAAA" border="3">div-h.png</texture>
		</control>
		<control type="label" id="14">
			<description>Default Label</description>
			<width>1450</width>
			<textoffsetx>45</textoffsetx>
			<top>0</top>
			<height>50</height>
			<label></label>
			<align>center</align>
			<aligny>center</aligny>
			<font>font30_medium</font>
			<textcolor>FBFBFBFB</textcolor>
			<shadowcolor>black</shadowcolor>
		</control>
		<control type="group">
			<depth>DepthContentPanel</depth>
			<include>OpenClose_Left</include>
			<include content="ContentPanel">
				<param name="width" value="530" />
			</include>

			<!-- Place left hand Menu -->

			<control type="grouplist" id="3">
				<description>button area</description>
				<left>0</left>
				<top>450</top>
				<width>470</width>
				<focusposition>0</focusposition>
				<height>520</height>
				<usecontrolcoords>true</usecontrolcoords>
				<onleft>5</onleft>
				<onright>5</onright>
				<onup>3</onup>
				<ondown>20</ondown>
			</control>

			<!-- Left hand section -->

			<control type="button" id="10">
				<description>Default Category Button</description>
				<left>70</left>
				<height>85</height>
				<width>392</width>
				<textoffsetx>30</textoffsetx>
				<aligny>center</aligny>
				<font>font35_regular</font>
				<texturefocus>menuselect.png</texturefocus>
				<texturenofocus />
			</control>

			<!-- Settings level -->

			<control type="radiobutton" id="20">
				<width>393</width>
				<left>70</left>
				<top>980</top>
				<height>82</height>
				<aligny>center</aligny>
				<onclick>SettingsLevelChange</onclick>
				<textoffsetx>70</textoffsetx>
				<textoffsety>0</textoffsety>
				<texturefocus>menuselect.png</texturefocus>
				<texturenofocus />
				<radioposx>26</radioposx>
				<radioposy>0</radioposy>
				<radiowidth>30</radiowidth>
				<radioheight>30</radioheight>
				<onleft>5</onleft>
				<onright>5</onright>
				<onup>3</onup>
				<ondown>3</ondown>
				<textureradioonfocus>icons/settings.png</textureradioonfocus>
				<textureradioonnofocus>icons/settings.png</textureradioonnofocus>
				<textureradioofffocus>icons/settings.png</textureradioofffocus>
				<textureradiooffnofocus>icons/settings.png</textureradiooffnofocus>
			</control>
		</control>

		<control type="scrollbar" id="60">
			<right>0</right>
			<top>163</top>
			<width>12</width>
			<bottom>137</bottom>
			<orientation>vertical</orientation>
			<texturesliderbackground />
			<animation effect="slide" end="6,0" time="300" tween="sine" easing="inout" condition="!Control.HasFocus(60)">conditional</animation>
			<onleft>5</onleft>
			<onright>5</onright>
			<animation effect="fade" start="0" end="100" time="200" delay="300">Visible</animation>
			<animation effect="fade" start="100" end="0" time="200">Hidden</animation>
			<animation effect="fade" start="0" end="100" delay="300" time="320">WindowOpen</animation>
			<animation effect="fade" start="100" end="0" time="150">WindowClose</animation>
		</control>

		<include content="TopBarT">
			<param name="breadcrumbs_label" value="$LOCALIZE[5]$INFO[Control.GetLabel(2), / ]" />
		</include>

		<control type="group">
			<include>OpenClose_Right</include>
			<control type="textbox" id="6">
				<description>description area</description>
				<left>510</left>
				<bottom>25</bottom>
				<right>60</right>
				<height>102</height>
				<font>font30_regular</font>
				<align>justify</align>
				<textcolor>button_focus</textcolor>
				<autoscroll time="3000" delay="5000" repeat="5000">true</autoscroll>
			</control>
		</control>
		<control type="label" id="2">
			<description>breadcrumbs label</description>
			<visible>False</visible>
		</control>
	</controls>
</window>
