<?xml version="1.0" encoding="UTF-8"?>
<window>
	<defaultcontrol always="true">51</defaultcontrol>
	<backgroundcolor>background</backgroundcolor>
	<views>50,51</views>
	<menucontrol>9000</menucontrol>
	<controls>
		<include>DefaultBackground</include>
		<control type="group">
			<animation effect="fade" start="100" end="0" time="200" tween="sine" condition="$EXP[infodialog_active]">Conditional</animation>

<!-- View with icons -->
			<control type="group">
				<include>OpenClose_Left</include>
				<control type="fixedlist" id="50">
					<left>500</left>
					<top>100</top>
					<right>550</right>
					<bottom>70</bottom>
					<movement>3</movement>
					<focusposition>1</focusposition>
					<scrolltime tween="cubic" easing="out">500</scrolltime>
					<orientation>vertical</orientation>
					<onleft>9000</onleft>
					<onright>60</onright>
					<onup>50</onup>
					<ondown>50</ondown>
					<viewtype label="List">list</viewtype>
					<preloaditems>1</preloaditems>
					<pagecontrol>60</pagecontrol>
					<focusedlayout height="90" width="tvchannelslist_width">
						<control type="image">
							<left>5</left>
							<top>-10</top>
							<right>0</right>
							<bottom>0</bottom>
							<height>115</height>
							<width>860</width>
							<texture>flare-panel-2.png</texture>
							<visible>Control.hasFocus(50)</visible>
						</control>
						<control type="image">
							<right>150</right>
							<top>10</top>
							<width>80</width>
							<height>70</height>
							<aspectratio align="right">keep</aspectratio>
							<texture>$INFO[listitem.icon]</texture>
						</control>
						<control type="image">
							<right>110</right>
							<top>25</top>
							<width>40</width>
							<height>40</height>
							<texture>$VAR[PVRStatusImageVar]</texture>
						</control>
						<control type="label">
							<left>105</left>
							<top>8</top>
							<height>90</height>
							<right>120</right>
							<aligny>top</aligny>
							<font>font14</font>
							<animation effect="slide" start="0,0" end="0,14" time="0" condition="String.IsEmpty(ListItem.Title)">Conditional</animation>
							<label>$INFO[ListItem.Label]</label>
							<shadowcolor>text_shadow</shadowcolor>
						</control>
						<control type="label">
							<left>105</left>
							<top>46</top>
							<height>90</height>
							<right>220</right>
							<aligny>top</aligny>
							<font>font12</font>
							<label>$INFO[ListItem.Title]</label>
							<shadowcolor>text_shadow</shadowcolor>
						</control>
						<control type="label">
							<left>12</left>
							<top>0</top>
							<height>90</height>
							<width>75</width>
							<align>center</align>
							<aligny>center</aligny>
							<font>font32_title</font>
							<label>$INFO[ListItem.ChannelNumberLabel]</label>
							<shadowcolor>text_shadow</shadowcolor>
						</control>
					</focusedlayout>
					<itemlayout height="90" width="tvchannelslist_width">
						<control type="image">
							<right>150</right>
							<top>10</top>
							<width>80</width>
							<height>70</height>
							<aspectratio align="right">keep</aspectratio>
							<texture>$INFO[listitem.icon]</texture>
						</control>
						<!--<control type="progress">
							<left>105</left>
							<top>58</top>
							<width>50</width>
							<height>12</height>
							<colordiffuse>88FFFFFF</colordiffuse>
							<visible>ListItem.HasEpg</visible>
							<info>ListItem.Progress</info>
						</control>-->
						<control type="image">
							<right>110</right>
							<top>25</top>
							<width>40</width>
							<height>40</height>
							<texture>$VAR[PVRStatusImageVar]</texture>
						</control>
						<control type="label">
							<left>105</left>
							<top>8</top>
							<height>90</height>
							<right>120</right>
							<aligny>top</aligny>
							<font>font14</font>
							<label>$INFO[ListItem.Label]</label>
							<animation effect="slide" start="0,0" end="0,14" time="0" condition="String.IsEmpty(ListItem.Title)">Conditional</animation>
							<shadowcolor>text_shadow</shadowcolor>
						</control>
						<control type="label">
							<left>105</left>
							<top>46</top>
							<height>90</height>
							<right>120</right>
							<aligny>top</aligny>
							<font>font12</font>
							<label>$INFO[ListItem.Title]</label>
							<shadowcolor>text_shadow</shadowcolor>
							<textcolor>grey</textcolor>
						</control>
						<control type="label">
							<left>12</left>
							<top>0</top>
							<height>90</height>
							<width>75</width>
							<align>center</align>
							<aligny>center</aligny>
							<font>font32_title</font>
							<label>$INFO[ListItem.ChannelNumberLabel]</label>
							<textcolor>grey</textcolor>
							<shadowcolor>text_shadow</shadowcolor>
						</control>
					</itemlayout>
				</control>

<!-- List with numbers -->

				<control type="fixedlist" id="51">

					<left>500</left>
					<top>60</top>
					<right>550</right>
					<bottom>70</bottom>
					<movement>4</movement>
					<focusposition>1</focusposition>
					<scrolltime tween="cubic" easing="out">500</scrolltime>
					<orientation>vertical</orientation>
					<onleft>9000</onleft>
					<onright>60</onright>
					<onup>51</onup>
					<ondown>51</ondown>
					<viewtype label="List">list</viewtype>
					<preloaditems>1</preloaditems>
					<pagecontrol>60</pagecontrol>
					<focusedlayout height="80" width="tvchannelslist_width">
						<control type="image">
							<left>-20</left>
							<top>0</top>
							<right>0</right>
							<bottom>0</bottom>
							<height>104</height>
							<width>910</width>
							<!--<texture colordiffuse="button_focus">lists/focus.png</texture> -->
							<texture>menuselectlong.png</texture>
							<visible>Control.hasFocus(51)</visible>
						</control>
						<!--<control type="progress">
							<right>10</right>
							<top>25</top>
							<width>50</width>
							<height>12</height>
							<colordiffuse>88FFFFFF</colordiffuse>
							<midtexture border="3">progress/texturebg_white.png</midtexture>
							<visible>ListItem.HasEpg + !ListItem.IsRecording</visible>
							<info>ListItem.Progress</info>
						</control>-->
						<control type="image">
							<right>15</right>
							<top>9</top>
							<width>40</width>
							<height>40</height>
							<texture>$VAR[PVRStatusImageVar]</texture>
						</control>
						<control type="label">
							<left>105</left>
							<top>0</top>
							<bottom>0</bottom>
							<right>90</right>
							<aligny>center</aligny>
							<label>$INFO[ListItem.Label]</label>
						</control>
						<control type="label">
							<left>220</left>
							<top>0</top>
							<bottom>0</bottom>
							<right>190</right>
							<aligny>center</aligny>
							<align>right</align>
							<label>$INFO[ListItem.Title]</label>
						</control>
						<control type="label">
							<left>12</left>
							<top>0</top>
							<bottom>0</bottom>
							<width>75</width>
							<align>center</align>
							<aligny>center</aligny>
							<font>font32_title</font>
							<label>$INFO[ListItem.ChannelNumberLabel]</label>
							<shadowcolor>text_shadow</shadowcolor>
						</control>
					</focusedlayout>

					<itemlayout height="70" width="tvchannelslist_width">
					<!--<control type="progress">
							<right>10</right>
							<top>25</top>
							<width>50</width>
							<height>12</height>
							<colordiffuse>88FFFFFF</colordiffuse>
							<visible>ListItem.HasEpg + !ListItem.IsRecording</visible>
							<info>ListItem.Progress</info>
						</control>-->
						<control type="image">
							<right>15</right>
							<top>9</top>
							<width>40</width>
							<height>40</height>
							<texture>$VAR[PVRStatusImageVar]</texture>
						</control>
						<control type="label">
							<left>105</left>
							<top>0</top>
							<bottom>0</bottom>
							<right>90</right>
							<aligny>center</aligny>
							<label>$INFO[ListItem.Label]</label>
							<shadowcolor>text_shadow</shadowcolor>
						</control>
						<control type="label">
							<left>105</left>
							<top>0</top>
							<bottom>0</bottom>
							<right>190</right>
							<aligny>center</aligny>
							<align>right</align>
							<label>$INFO[ListItem.Title]</label>
							<shadowcolor>text_shadow</shadowcolor>
							<textcolor>grey</textcolor>
						</control>
						<control type="label">
							<left>12</left>
							<top>0</top>
							<bottom>0</bottom>
							<width>75</width>
							<align>center</align>
							<aligny>center</aligny>
							<font>font32_title</font>
							<label>$INFO[ListItem.ChannelNumberLabel]</label>
							<textcolor>grey</textcolor>
							<shadowcolor>text_shadow</shadowcolor>
						</control>
					</itemlayout>
				</control>
				<!-- Add icon to video window if nothing playing -->
				<control type="image">
					<visible>!player.hasmedia</visible>
					<top>105</top>
					<left>42</left>
					<width>444</width>
					<height>260</height>
					<texture fallback="special://skin/media/q-icon.png">$INFO[ListItem.EpgEventIcon]</texture>
					<autoscroll delay="5000" repeat="7500" time="5000"></autoscroll>
					<align>justify</align>
				</control>
			</control>

			<control type="group">

				<depth>DepthContentPanel</depth>
				<width>500</width>
				<right>0</right>
				<include>OpenClose_Right</include>
				<include content="ContentPanel">
					<param name="left" value="-68" />
					<param name="width" value="400" />
					<param name="top" value="-20" />
					<param name="flipx" value="true" />
				</include>

				<control type="scrollbar" id="60">
					<left>-48</left>
					<top>60</top>
					<width>12</width>
					<bottom>70</bottom>
					<onleft>50</onleft>
					<onright>50</onright>
					<orientation>vertical</orientation>
					<animation effect="zoom" start="100,100" end="50,100" center="-48,0" time="300" tween="sine" easing="inout" condition="!Control.HasFocus(60)">conditional</animation>
				</control>

				<control type="group">
					<top>150</top>
					<control type="progress">
						<top>100</top>
						<width>420</width>
						<height>12</height>
						<colordiffuse>88FFFFFF</colordiffuse>
						<visible>ListItem.HasEpg</visible>
						<info>ListItem.Progress</info>
					</control>
					<control type="label">
						<top>65</top>
						<width>420</width>
						<height>262</height>
						<label>$INFO[ListItem.StartTime]</label>
					</control>
					<control type="label">
						<top>65</top>
						<width>420</width>
						<height>262</height>
						<align>right</align>
						<label>$INFO[ListItem.EndTime]</label>
					</control>
					<control type="label">
						<top>-80</top>
						<width>540</width>
						<height>262</height>
						<font>font45</font>
						<label>$INFO[ListItem.ChannelName]</label>
					</control>
					<control type="label">
						<top>30</top>
						<width>540</width>
						<height>625</height>
						<label>$INFO[ListItem.Duration,$LOCALIZE[180]: ]</label>
					</control>
					<control type="label">
						<top>-20</top>
						<width>540</width>
						<height>625</height>
						<label>[B]$INFO[ListItem.EpgEventTitle,,[CR]][/B]</label>
					</control>
				</control>
				<control type="image">
					<left>540</left>
					<top>100</top>
					<width>200</width>
					<height>190</height>
					<aspectratio align="right">keep</aspectratio>
					<texture fallback="DefaultTVShows.png">$INFO[Listitem.Icon]</texture>
					<fadetime>200</fadetime>
				</control>
				<control type="textbox">
					<top>300</top>
					<width>450</width>
					<bottom>180</bottom>
					<align>justify</align>
					<label>[B]$INFO[ListItem.EpisodeName,,[CR]][/B]$INFO[ListItem.Plot]</label>
					<autoscroll delay="5000" repeat="7500" time="5000"></autoscroll>
				</control>
				<control type="textbox">
					<top>230</top>
					<width>450</width>
					<height>362</height>
					<align>justify</align>
					<font>font27</font>
					<textcolor>80FFFFFF</textcolor>
					<label>$LOCALIZE[19055]</label>
					<visible>String.IsEmpty(Listitem.Plot)</visible>
				</control>
			</control>

			<!-- fake menu -->
			<include>TVFakeMenu</include>

			<!-- Show next show -->
			<control type="textbox">
				<bottom>10</bottom>
				<width>400</width>
				<left>1420</left>
				<height>150</height>
				<align>left</align>
				<visible>!String.isempty(ListItem.NextTitle)</visible>
				<label>$INFO[ListItem.NextTitle,[COLOR grey]$LOCALIZE[19031]:[CR][/COLOR]] $INFO[ListItem.NextStartTime]</label>
				<include>OpenClose_Right</include>
			</control>
			<include>MediaMenuMouseOverlay</include>
			<control type="group">
				<include>MediaMenuCommon</include>
				<include>PVRSideBar</include>
			</control>
		</control>
		<control type="label" id="29">
			<font></font>
			<include>HiddenObject</include>
		</control>
		<control type="label" id="30">
			<font></font>
			<include>HiddenObject</include>
		</control>
	</controls>
</window>
