<?xml version="1.0" encoding="UTF-8"?>
<window>
	<visible>Window.IsActive(fullscreenvideo) | Window.IsActive(visualisation)</visible>
	<visible>![Window.IsActive(sliderdialog) | Window.IsActive(pvrosdchannels) | Window.IsActive(pvrchannelguide) | Window.IsActive(pvrguideinfo) | Window.IsActive(1110)]</visible>
	<visible>Player.Seeking | Player.HasPerformedSeek(3) | [Player.Paused + !Player.Caching] | Player.Forwarding | Player.Rewinding | Player.ShowInfo | Window.IsActive(fullscreeninfo) | Player.ShowTime | Window.IsActive(videoosd) | Window.IsActive(musicosd) | Window.IsActive(playerprocessinfo) | !String.IsEmpty(Player.SeekNumeric) | !String.IsEmpty(PVR.ChannelNumberInput)</visible>
	<include>Animation_BottomSlide</include>
	<depth>DepthOSD</depth>
	<zorder>0</zorder>
	<controls>
		<include>PVRChannelNumberInput</include>
		<control type="group">
			<animation effect="slide" start="0,200" end="0,0" time="300" tween="cubic" easing="out">VisibleChange</animation>
			<visible>Player.ShowInfo | Window.IsActive(fullscreeninfo) | Player.ShowTime | Window.IsActive(videoosd) | Window.IsActive(musicosd) | Window.IsActive(playerprocessinfo) | Window.IsActive(pvrosdchannels) | Window.IsActive(pvrchannelguide) | ![!String.IsEmpty(Player.SeekNumeric) | Player.Seeking | Player.HasPerformedSeek(3) | Player.Forwarding | Player.Rewinding | Player.Paused] | !String.IsEmpty(PVR.ChannelNumberInput)</visible>
			<visible>!Player.HasGame</visible>
			<bottom>0</bottom>
			<height>190</height>
			<control type="image">
				<left>-40</left>
				<width>120%</width>
				<height>200</height>
				<texture flipy="true">frame/osdfade.png</texture>
			</control>
			<control type="group">
				<visible>!Window.IsVisible(videoosd) + !Window.IsVisible(musicosd)</visible>
				<animation effect="fade" time="200">VisibleChange</animation>
				<control type="grouplist">
					<visible>[PVR.IsRecordingPlayingChannel + !Player.ChannelPreviewActive] | PVR.IsPlayingActiveRecording</visible>
					<left>20</left>
					<centertop>125</centertop>
					<height>60</height>
					<align>left</align>
					<orientation>horizontal</orientation>
					<itemgap>-5</itemgap>
					<control type="image">
						<top>100</top>
						<left>20</left>
						<width>60</width>
						<height>60</height>
						<aligny>center</aligny>
						<texture>osd/fullscreen/buttons/record.png</texture>
					</control>
					<control type="label">
						<top>110</top>
						<left>90</left>
						<width>400</width>
						<height>60</height>
						<aligny>center</aligny>
						<font>font25_title</font>
						<label>[COLOR red][B]$LOCALIZE[19158][/B][/COLOR]</label>
					</control>
				</control>
				<control type="grouplist">
					<right>20</right>
					<centertop>125</centertop>
					<width>800</width>
					<height>50</height>
					<align>right</align>
					<include>Animation_BottomSlide</include>
					<orientation>horizontal</orientation>
					<itemgap>5</itemgap>
					<visible>![Player.ShowInfo | !Window.IsActive(fullscreeninfo)] + !Player.ChannelPreviewActive + !Window.IsActive(fullscreenvideo)</visible>
					<animation effect="fade" start="0" end="100" time="200" delay="1000">Visible</animation>
					<include content="MediaFlag">
						<param name="texture" value="$INFO[VideoPlayer.VideoCodec,flags/videocodec/,.png]" />
						<param name="visible" value="!String.IsEmpty(VideoPlayer.VideoCodec)" />
					</include>
					<include content="MediaFlag">
						<param name="texture" value="$INFO[VideoPlayer.VideoResolution,flags/videoresolution/,.png]" />
						<param name="visible" value="!String.IsEmpty(VideoPlayer.VideoResolution)" />
					</include>
					<include content="MediaFlag">
						<param name="texture" value="$INFO[VideoPlayer.HdrType,flags/videohdr/,.png]" />
						<param name="visible" value="!String.IsEmpty(VideoPlayer.HdrType)" />
					</include>
					<include content="MediaFlag">
						<param name="texture" value="$INFO[VideoPlayer.VideoAspect,flags/aspectratio/,.png]" />
						<param name="visible" value="!String.IsEmpty(VideoPlayer.VideoAspect)" />
					</include>
					<include content="MediaFlag">
						<param name="texture" value="$INFO[VideoPlayer.AudioCodec,flags/audiocodec/,.png]" />
						<param name="visible" value="!String.IsEmpty(VideoPlayer.AudioCodec)" />
					</include>
					<include content="MediaFlag">
						<param name="texture" value="$INFO[VideoPlayer.AudioChannels,flags/audiochannel/,.png]" />
						<param name="visible" value="!String.IsEmpty(VideoPlayer.AudioChannels)" />
					</include>
				</control>
				<control type="grouplist">
					<right>20</right>
					<centertop>125</centertop>
					<width>800</width>
					<height>50</height>
					<align>right</align>
					<include>Animation_BottomSlide</include>
					<orientation>horizontal</orientation>
					<itemgap>10</itemgap>
					<visible>Player.ShowInfo + !Player.ChannelPreviewActive + Window.IsActive(visualisation)</visible>
					<animation effect="fade" start="0" end="100" time="200" delay="1000">Visible</animation>
					<include content="MediaFlag">
						<param name="texture" value="flags/rds/rds.png" />
						<param name="visible" value="RDS.HasRDS" />
					</include>
					<include content="MediaFlag">
						<param name="texture" value="$INFO[MusicPlayer.Codec,flags/audiocodec/,.png]" />
						<param name="visible" value="!String.IsEmpty(MusicPlayer.Codec)" />
					</include>
					<include content="MediaFlag">
						<param name="texture" value="$INFO[MusicPlayer.Channels,flags/audiochannel/,.png]" />
						<param name="visible" value="!String.IsEmpty(MusicPlayer.Channels)" />
					</include>
					<control type="group">
						<visible>!String.IsEmpty(MusicPlayer.SampleRate)</visible>
						<width>115</width>
						<control type="label">
							<width>115</width>
							<height>60</height>
							<align>center</align>
							<aligny>center</aligny>
							<label>$INFO[MusicPlayer.SampleRate, ,kHz]</label>
							<font>font_flag</font>
						</control>
						<include content="MediaFlag">
							<param name="texture" value="flags/flag.png" />
						</include>
					</control>
					<control type="group">
						<visible>!String.IsEmpty(MusicPlayer.BitRate)</visible>
						<width>115</width>
						<control type="label">
							<width>115</width>
							<height>60</height>
							<align>center</align>
							<aligny>center</aligny>
							<label>$INFO[MusicPlayer.BitRate, ,kbps ]</label>
							<font>font_flag</font>
						</control>
						<include content="MediaFlag">
							<param name="texture" value="flags/flag.png" />
						</include>
					</control>
					<control type="group">
						<visible>!String.IsEmpty(MusicPlayer.BitsPerSample)</visible>
						<width>115</width>
						<control type="label">
							<width>115</width>
							<height>60</height>
							<align>center</align>
							<aligny>center</aligny>
							<label>$INFO[MusicPlayer.BitsPerSample, ,bit]</label>
							<font>font_flag</font>
						</control>
						<include content="MediaFlag">
							<param name="texture" value="flags/flag.png" />
						</include>
					</control>
				</control>
			</control>
			<control type="label">
				<centerleft>50%</centerleft>
				<centertop>125</centertop>
				<width>50%</width>
				<height>60</height>
				<align>center</align>
				<aligny>top</aligny>
				<label>$VAR[SeekTimeLabelVar]</label>
				<font>font45</font>
				<shadowcolor>black</shadowcolor>
				<visible>!Player.ChannelPreviewActive | VideoPlayer.HasEpg</visible>
			</control>
			<control type="label" id="40000">
				<centerleft>50%</centerleft>
				<centertop>175</centertop>
				<width>50%</width>
				<height>50</height>
				<align>center</align>
				<aligny>top</aligny>
				<label>$VAR[SeekLabel]</label>
				<font>font13</font>
				<shadowcolor>black</shadowcolor>
			</control>
			<control type="group">
				<visible>VideoPlayer.Content(LiveTV)</visible>
				<visible>!Window.IsVisible(fullscreeninfo)</visible>
				<control type="group">
					<visible>Player.SeekEnabled + VideoPlayer.HasEPG</visible>
					<include content="PVRProgress">
						<param name="ts_bar_top" value="70"/>
						<param name="epg_bar_top" value="78"/>
						<param name="ts_bar_height" value="8"/>
						<param name="epg_bar_height" value="8"/>
					</include>
				</control>
				<control type="group">
					<visible>Player.SeekEnabled + !VideoPlayer.HasEPG</visible>
					<include content="PVRProgress">
						<param name="ts_bar_top" value="70"/>
						<param name="ts_bar_height" value="16"/>
					</include>
				</control>
				<control type="group">
					<visible>!Player.SeekEnabled + VideoPlayer.HasEPG</visible>
					<include content="PVRProgress">
						<param name="epg_bar_top" value="70"/>
						<param name="epg_bar_height" value="16"/>
					</include>
				</control>
				<control type="group">
					<visible>!Player.SeekEnabled + !VideoPlayer.HasEPG</visible>
					<include content="PVRProgress"/>
				</control>
				<control type="slider" id="403">
					<left>0</left>
					<top>65</top>
					<width>100%</width>
					<height>26</height>
					<texturesliderbar colordiffuse="00FFFFFF">osd/progress/nub_bar.png</texturesliderbar>
					<textureslidernib colordiffuse="button_focus">osd/progress/nub_bar.png</textureslidernib>
					<textureslidernibfocus colordiffuse="button_focus">colors/white.png</textureslidernibfocus>
					<visible>Player.SeekEnabled + !Player.ChannelPreviewActive</visible>
				</control>
			</control>
			<control type="group">
				<visible>!VideoPlayer.Content(LiveTV)</visible>
				<control type="progress">
					<left>0</left>
					<top>70</top>
					<width>100%</width>
					<height>16</height>
					<info>Player.ProgressCache</info>
					<texturebg border="3" colordiffuse="00FFFFFF">colors/white50.png</texturebg>
					<midtexture>colors/white50.png</midtexture>
				</control>
				<control type="progress">
					<left>0</left>
					<top>70</top>
					<width>100%</width>
					<height>16</height>
					<info>Player.Progress</info>
					<texturebg border="3" colordiffuse="60FFFFFF">colors/white50.png</texturebg>
					<midtexture colordiffuse="button_focus">colors/white.png</midtexture>
				</control>
				<control type="slider" id="401">
					<left>0</left>
					<top>65</top>
					<width>100%</width>
					<height>26</height>
					<texturesliderbar colordiffuse="00FFFFFF">osd/progress/nub_bar.png</texturesliderbar>
					<textureslidernib colordiffuse="button_focus">osd/progress/nub_bar.png</textureslidernib>
					<textureslidernibfocus colordiffuse="button_focus">colors/white.png</textureslidernibfocus>
					<visible>Player.SeekEnabled</visible>
				</control>
			</control>
			<control type="ranges">
				<left>0</left>
				<top>70</top>
				<width>100%</width>
				<height>8</height>
				<texturebg border="3" colordiffuse="00FFFFFF">colors/white50.png</texturebg>
				<lefttexture>colors/white.png</lefttexture>
				<midtexture colordiffuse="FFFF0000">colors/white.png</midtexture>
				<righttexture>colors/white.png</righttexture>
				<info>Player.Editlist</info>
			</control>
			<control type="ranges">
				<left>0</left>
				<top>82</top>
				<width>100%</width>
				<height>8</height>
				<texturebg border="3" colordiffuse="00FFFFFF">colors/red50.png</texturebg>
				<righttexture>colors/red.png</righttexture>
				<info>Player.Cuts</info>
			</control>
			<control type="ranges">
				<left>0</left>
				<top>82</top>
				<width>100%</width>
				<height>4</height>
				<texturebg border="3" colordiffuse="00FFFFFF">colors/white50.png</texturebg>
				<righttexture>colors/white.png</righttexture>
				<info>Player.SceneMarkers</info>
			</control>
			<control type="ranges">
				<left>0</left>
				<top>82</top>
				<width>100%</width>
				<height>4</height>
				<texturebg border="3" colordiffuse="00FFFFFF">colors/white50.png</texturebg>
				<righttexture>colors/white.png</righttexture>
				<info>Player.Chapters</info>
			</control>
		</control>
		<control type="group">
			<visible>!Window.IsVisible(playerprocessinfo)</visible>
			<visible>[Player.ShowInfo | Window.IsActive(fullscreeninfo)] + VideoPlayer.Content(LiveTV)</visible>
			<visible>Player.ShowInfo | Window.IsActive(fullscreeninfo) | !Player.Seeking | !Player.HasPerformedSeek(3) | !Player.Forwarding | !Player.Rewinding | !Player.Paused</visible>
			<animation effect="fade" start="0" end="100" time="300" delay="250">Visible</animation>
			<animation effect="fade" start="100" end="0" time="100">Hidden</animation>
			<animation effect="slide" end="0,-20" time="150" condition="VideoPlayer.Content(LiveTV)">conditional</animation>
			<bottom>0</bottom>
			<height>380</height>
			<!-- control main osd  background omobatv-->
			<control type="image">
				<left>0</left>
				<bottom>0</bottom>
				<top>55</top>
				<right>0</right>
				<width></width>
				<height>375</height>
				<texture>osd/osdinfobar1.png</texture>
			</control>
			<control type="image">
				<description>Osd now programme image</description>
				<left>446</left>
				<top>111</top>
				<width>355</width>
				<height>205</height>
				<aspectratio aligny="top">scale</aspectratio>
				<texture fallback="q-image.png" background="true">$VAR[VideoPlayerOsdImageVar]</texture>
			</control>
			<!-- main osd Player Title omobatv-->
			<control type="label">
				<left>810</left>
				<top>103</top>
				<right></right>
				<font>font30_bold</font>
				<height>290</height>
				<label>$INFO[VideoPlayer.Title]</label>
				<align>left</align>
			</control>
			<!-- osd Player plot omobatv-->
		<control type="textbox">
			<left>810</left>
			<top>145</top>
			<right>375</right>
			<height>165</height>
			<label fallback="416">$INFO[VideoPlayer.Plot]</label>
			<font>font30_regular</font>
			<wrapmultiline>true</wrapmultiline>
			<align>justify</align>
			<autoscroll time="3600" delay="6000" repeat="6000">false</autoscroll>
		</control>
		<control type="label">
		 <description> Osd bottom left custom day and time</description>
		 <left>155</left>
		 <top>332</top>
		 <width>300</width>
		 <height></height>
		 <align>right</align>
		 <aligny>left</aligny>
		 <font>font30_medium</font>
		 <textcolor>white</textcolor>
		 <shadowcolor>black</shadowcolor>
		 <label>$INFO[System.Date(DDD)], [LOWERCASE]$INFO[System.Time][/LOWERCASE]</label>
		 <animation effect="slide" start="0,0" end="-40,0" time="75" condition="Window.IsVisible(Mutebug)">conditional</animation>
     </control>
		 <control type="label">
			<description>Osd now Program time</description>
			<left>446</left>
			<top>320</top>
			<width>240</width>
			<height></height>
			<label>[LOWERCASE]$INFO[VideoPlayer.StartTime][/LOWERCASE]</label>
			<textcolor>FFFFFFFF</textcolor>
			<font>font28_medium</font>
			<align>left</align>
			 </control>
		 <control type="label">
				 <description>osd Channel name and number</description>
				 <right>1510</right>
				 <top>195</top>
				 <width></width>
				 <height></height>
				 <label>$INFO[VideoPlayer.ChannelName]  $INFO[VideoPlayer.ChannelNumberLabel]</label>
				 <textcolor>FFFFFFFF</textcolor>
				 <font>font33_medium</font>
				 <align>right</align>
			 </control>
			 <control type="image">
				 <description> Custom osd arrow up button</description>
				 <left>370</left>
				 <top>141</top>
				 <width>35</width>
				 <height>21</height>
				 <label></label>
				 <texture>osd/up-arrow.png</texture>
				 <visible>[VideoPlayer.Content(LiveTV) + VideoPlayer.HasEpg]</visible>
			 </control>
			 <control type="image">
				 <description> Custom osd arrow down</description>
				 <left>370</left>
				 <top>270</top>
				 <width>35</width>
				 <height>21</height>
				 <label></label>
				 <texture>osd/down-arrow.png</texture>
				 <visible>[VideoPlayer.Content(LiveTV) + VideoPlayer.HasEpg]</visible>
			 </control>
			 <!-- main osd Player Next  program Title omobatv-->
			 <control type="label">
				 <left>1575</left>
				 <top>100</top>
				 <right></right>
				 <font>font30_medium</font>
				 <height>290</height>
				 <label>$VAR[NextProgramTitleOrVideoDuration]</label>
				 <align>left</align>
			 </control>
			 <!-- main osd Player Next program Time omobatv-->
			 <control type="label">
				 <left>1575</left>
				 <top>325</top>
				 <right></right>
				 <font>font28_medium</font>
				 <height></height>
				 <label>[LOWERCASE]$VAR[NextStartTimeOrVideoRemaining][/LOWERCASE]</label>
				 <align>left</align>
			 </control>
			 <!-- main osd next Program image omobatv-->
			<control type="image">
				<left>1570</left>
				<top>138</top>
				<width>340</width>
				<height>185</height>
				<aspectratio aligny="center">keep</aspectratio>
				<texture fallback="q-image.png">$INFO[Player.Icon]</texture>
				<visible></visible>
			</control>
			<!-- main custom progress bar omobatv-->
			<control type="progress">
				<description>Osd Progressbar</description>
				<left>446</left>
				<top>310</top>
				<width>355</width>
				<height>9</height>
				<info>PVR.EpgEventProgress</info>
				<visible>[VideoPlayer.Content(LiveTV) + VideoPlayer.HasEpg]</visible>
				<texturebg colordiffuse="white">osd/osd-progress-bottom.png</texturebg>
				<midtexture colordiffuse="skyblue">osd/osd-progress-top.png</midtexture>
			</control>
			<control type="image">
				<description>Custom Video Resolution Image</description>
				<left>715</left>
				<top>326</top>
				<width>42</width>
				<height>25</height>
				<aspectratio>keep</aspectratio>
				<texture>$INFO[VideoPlayer.VideoResolution,q-icons/,.png]</texture>
				<visible></visible>
			</control>
			<control type="label">
				<left>240</left>
				<top>180</top>
				<right>20</right>
				<height>25</height>
				<label>$VAR[OSDNextLabelVar]</label>
				<visible>VideoPlayer.HasEpg + !RDS.HasRadioText</visible>
			</control>
			<control type="label">
				<left>240</left>
				<top>180</top>
				<height>25</height>
				<label>[COLOR grey]$LOCALIZE[14304]: [/COLOR]$INFO[RDS.GetLine(0)]</label>
				<visible>RDS.HasRadioText</visible>
			</control>
		</control>
		<control type="group">
			<visible>!Window.IsVisible(playerprocessinfo)</visible>
			<visible>[Player.ShowInfo | Window.IsActive(fullscreeninfo)] + !VideoPlayer.Content(LiveTV) + Window.IsActive(fullscreenvideo)</visible>
			<visible>Player.ShowInfo | Window.IsActive(fullscreeninfo) | !Player.Seeking | !Player.HasPerformedSeek(3) | !Player.Forwarding | !Player.Rewinding | !Player.Paused</visible>
			<animation effect="fade" start="0" end="100" time="300" delay="250">Visible</animation>
			<animation effect="fade" start="100" end="0" time="100">Hidden</animation>
			<bottom>0</bottom>
			<height>470</height>
			<control type="image">
				<left>0</left>
				<width>100%</width>
				<height>330</height>
				<texture>dialogs/dialog-bg-nobo.png</texture>
			</control>
			<control type="image">
				<depth>DepthOSD+</depth>
				<left>10</left>
				<bottom>145</bottom>
				<width>400</width>
				<height>600</height>
				<aspectratio aligny="bottom">keep</aspectratio>
				<texture fallback="DefaultVideo.png" background="true">$VAR[NowPlayingPosterVar]</texture>
				<bordertexture border="21" infill="false">overlays/shadow.png</bordertexture>
				<bordersize>20</bordersize>
				<include>OpenClose_Left</include>
			</control>
			<control type="grouplist">
				<left>420</left>
				<top>10</top>
				<right>20</right>
				<height>300</height>
				<align>left</align>
				<orientation>vertical</orientation>
				<itemgap>10</itemgap>
				<control type="textbox">
					<height>250</height>
					<label fallback="10005">$INFO[VideoPlayer.Tagline,[B],[/B][CR]]$INFO[VideoPlayer.Plot]</label>
					<align>left</align>
					<autoscroll delay="5000" repeat="7500" time="5000"></autoscroll>
				</control>
				<control type="label">
					<height>50</height>
					<label>$VAR[OSDNextLabelVar]</label>
					<visible>Integer.IsGreater(Playlist.Length(video),1)</visible>
				</control>
			</control>
		</control>
	</controls>
</window>
