<?xml version="1.0" encoding="UTF-8"?>
<window id="1112">
	<defaultcontrol always="true">9000</defaultcontrol>
	<backgroundcolor>background</backgroundcolor>
	<controls>
		<control type="button" id="20000">
			<include>HiddenObject</include>
			<animation effect="fade" time="300" start="100" end="0">Focus</animation>
			<onfocus>SetFocus(2000)</onfocus>
			<onclick>noop</onclick>
			<visible allowhiddenfocus="true">Control.HasFocus(20000)</visible>
		</control>
		<control type="button" id="20001">
			<include>HiddenObject</include>
			<animation effect="fade" time="300" start="100" end="0">Focus</animation>
			<onfocus>SetFocus(2000)</onfocus>
			<onclick>noop</onclick>
			<visible allowhiddenfocus="true">Control.HasFocus(20001)</visible>
		</control>
		<include>DefaultBackground</include>
		<control type="multiimage">
			<depth>DepthBackground</depth>
			<include>FullScreenDimensions</include>
			<aspectratio>scale</aspectratio>
			<fadetime>600</fadetime>
			<animation effect="zoom" center="auto" end="102,102" time="0" condition="Integer.IsGreater(System.StereoscopicMode,0)">conditional</animation>
			<animation effect="fade" start="0" end="100" time="400">WindowOpen</animation>
			<animation effect="fade" start="100" end="0" time="300">WindowClose</animation>
			<animation effect="fade" time="400">VisibleChange</animation>
			<imagepath background="true" colordiffuse="bg_overlay">$VAR[HomeFanartVar]</imagepath>
			<visible>!Player.HasMedia</visible>
		</control>
		<control type="image">
			<visible>!player.hasmedia</visible>
			<left>43</left>
			<top>134</top>
			<width>444</width>
			<height>240</height>
			<texture fallback="special://skin/media/q-icon.png">$VAR[HomeEventIconListItemIcon]</texture>
		</control>
		<!-- Plot at the  -->
		<control type="textbox">
		<left>524</left>
		<top>180</top>
		<right>250</right>
		<height>200</height>
		<font>font30_regular</font>
		<label fallback="Sky TV on demand offers you a world of entertainment through your Sky Q box including Box Sets and Catch Up TV. Add Sky Cinema today to watch blockbuster movies and Sky Original Films now including Paramount+">$INFO[ListItem.Plot]</label>
		<align>left</align>
		<width>1200</width>
		<autoscroll delay="5000" repeat="7500" time="5000"></autoscroll>
		</control>
		<control type="label">
			<description>List item title at home TopBar</description>
			<left>524</left>
			<top>75</top>
			<height>95</height>
			<width>560</width>
			<aligny>center</aligny>
			<font>font39_regular_title</font>
			<textcolor>FFFFFFFF</textcolor>
			<label>$INFO[ListItem.Label]</label>
			<shadowcolor>text_shadow</shadowcolor>
		</control>
		<include content="TopBarSB">
				<param name="breadcrumbs_label" value="Catch Up TV" />
			</include>
		<control type="group">
			<animation effect="fade" start="100" end="0" time="200" tween="sine" condition="$EXP[infodialog_active]">Conditional</animation>
			<control type="group" id="2000">
				<left>500</left>
				<top>300</top>
				<animation type="Conditional" condition="Control.IsVisible(20000)" reversible="false">
					<effect type="slide" end="0,20" time="60" tween="sine" />
					<effect type="slide" end="0,-20" time="180" tween="sine" delay="80" />
				</animation>
				<animation type="Conditional" condition="Control.IsVisible(20001)" reversible="false">
					<effect type="slide" end="0,-20" time="60" tween="sine" />
					<effect type="slide" end="0,20" time="180" tween="sine" delay="80" />
				</animation>
				<include>OpenClose_Right</include>

				<control type="group" id="10100">
					<visible>String.IsEqual(Container(9000).ListItem.Property(id),bbciplayer)</visible>
					<include content="Visible_Right_Delayed">
						<param name="id" value="bbciplayer"/>
					</include>
					<control type="grouplist" id="10101">
						<include>catchuptvWidgetGroupListCommon</include>
						<include content="catchup1WidgetListEpisodes">
							<param name="content_path" value="plugin://plugin.video.iplayerwww/?description&amp;logged_in=False&amp;mode=120&amp;name=Channel%20A-Z&amp;subtitles_url&amp;url=url&quot;,return"/>
							<param name="widget_header" value="BBC iPlayer"/>
							<param name="widget_target" value="videos"/>
							<param name="sortby" value="random"/>
							<param name="list_id" value="10102"/>
						</include>
					</control>
				</control>
				<control type="group" id="10200">
					<visible>String.IsEqual(Container(9000).ListItem.Property(id),itvhub)</visible>
					<include content="Visible_Right_Delayed">
						<param name="id" value="itvhub"/>
					</include>
					<control type="grouplist" id="10201">
						<include>catchuptvWidgetGroupListCommon</include>
						<include content="catchupWidgetListEpisodes">
							<param name="content_path" value="plugin://script.embuary.helper/?info=getinprogress&amp;type=tvshow&amp;reload=$INFO[Window(Home).Property(widgetreload)]"/>
							<param name="widget_header" value="ITV Hub"/>
							<param name="widget_target" value="videos"/>
							<param name="sortby" value="ascending"/>
							<param name="list_id" value="10203"/>
						</include>
					</control>
				</control>
				<control type="group" id="10300">
					<visible>String.IsEqual(Container(9000).ListItem.Property(id),all4)</visible>
					<include content="Visible_Right_Delayed">
						<param name="id" value="all4"/>
					</include>
					<control type="grouplist" id="10301">
						<include>catchuptvWidgetGroupListCommon</include>
						<include content="catchup1WidgetListEpisodes">
							<param name="content_path" value="plugin://script.skin.helper.widgets/?action=recommended&amp;mediatype=movies&amp;reload=$INFO[Window(Home).Property(widgetreload-movies)]"/>
							<param name="widget_header" value="All 4"/>
							<param name="widget_target" value="videos"/>
							<param name="sortby" value="random"/>
							<param name="list_id" value="10303"/>
						</include>
					</control>
				</control>
				<control type="group" id="10400">
					<visible>String.IsEqual(Container(9000).ListItem.Property(id),channel5)</visible>
					<include content="Visible_Right_Delayed">
						<param name="id" value="channel5"/>
					</include>
					<control type="grouplist" id="10401">
						<include>catchuptvWidgetGroupListCommon</include>
						<include content="WidgetListEpisodesHomePvr">
							<param name="content_path" value="pvr://channels/tv/*"/>
							<param name="widget_header" value="Channel 5"/>
							<param name="widget_target" value="pvr"/>
							<param name="sortby" value="ascending"/>
							<param name="list_id" value="10403"/>
						</include>
					</control>
				</control>
				<control type="group" id="10500">
					<visible>String.IsEqual(Container(9000).ListItem.Property(id),sky1)</visible>
					<include content="Visible_Right_Delayed">
						<param name="id" value="sky1"/>
					</include>
					<control type="grouplist" id="10501">
						<include>catchuptvWidgetGroupListCommon</include>
						<include content="catchup1WidgetListEpisodes">
							<param name="content_path" value="plugin://script.embuary.helper/?info=getsimilar&amp;type=tvshow&amp;reload=$INFO[Window(Home).Property(widgetreload)]"/>
							<param name="widget_header" value="Sky1"/>
							<param name="widget_target" value="videos"/>
							<param name="sortby" value="random"/>
							<param name="list_id" value="10503"/>
						</include>
					</control>
				</control>
				<control type="group" id="10600">
					<visible>String.IsEqual(Container(9000).ListItem.Property(id),skyatlantic)</visible>
					<include content="Visible_Right_Delayed">
						<param name="id" value="skyatlantic"/>
					</include>
					<control type="grouplist" id="10601">
						<include>catchuptvWidgetGroupListCommon</include>
						<include content="catchup1WidgetListEpisodes">
							<param name="content_path" value="plugin://script.embuary.helper/?info=getnextup"/>
							<param name="widget_header" value="Sky Atlantic"/>
							<param name="widget_target" value="videos"/>
							<param name="sortby" value="random"/>
							<param name="list_id" value="10603"/>
						</include>
					</control>
				</control>
				<control type="group" id="10700">
					<visible>String.IsEqual(Container(9000).ListItem.Property(id),skyliving)</visible>
					<include content="Visible_Right_Delayed">
						<param name="id" value="skyliving"/>
					</include>
					<control type="grouplist" id="10701">
						<include>catchuptvWidgetGroupListCommon</include>
						<include content="catchup1WidgetListEpisodes">
							<param name="content_path" value="plugin://script.skin.helper.widgets/?action=similar&amp;mediatype=movies&amp;imdbid=[IMDBID]"/>
							<param name="widget_header" value="Sky Living"/>
							<param name="widget_target" value="videos"/>
							<param name="sortby" value="random"/>
							<param name="list_id" value="10703"/>
						</include>
					</control>
				</control>
				<control type="group" id="10800">
					<visible>String.IsEqual(Container(9000).ListItem.Property(id),skyarts)</visible>
					<include content="Visible_Right_Delayed">
						<param name="id" value="skyarts"/>
					</include>
					<control type="grouplist" id="10801">
						<include>catchuptvWidgetGroupListCommon</include>
						<include content="catchup1WidgetListEpisodes">
							<param name="content_path" value="plugin://script.embuary.helper/?info=trending&amp;type=movies&amp;reload=$INFO[Window(Home).Property(widgetreload)]"/>
							<param name="widget_header" value="Sky Arts"/>
							<param name="widget_target" value="videos"/>
							<param name="sortby" value="random"/>
							<param name="list_id" value="10803"/>
						</include>
					</control>
				</control>
				<control type="group" id="10900">
					<visible>String.IsEqual(Container(9000).ListItem.Property(id),skysports)</visible>
					<include content="Visible_Right_Delayed">
						<param name="id" value="skysports"/>
					</include>
					<control type="grouplist" id="10901">
						<include>catchuptvWidgetGroupListCommon</include>
						<include content="catchupWidgetListEpisodes">
							<param name="content_path" value="plugin://plugin.video.youtube/channel/UCNT2e7Og56vm5_V-yJWvglA/playlist/PLH4hJ2GPUXQVvmmQ18KdySBfuKA93LDg8/"/>
							<param name="widget_header" value="Football"/>
							<param name="widget_target" value="videos"/>
							<param name="sortby" value="dateadded"/>
							<param name="sortorder" value="descending"/>
							<param name="list_id" value="10902"/>
						</include>
						<include content="catchupWidgetListEpisodes">
							<param name="content_path" value="plugin://plugin.video.youtube/channel/UCB_qr75-ydFVKSF9Dmo6izg/playlist/PLfoNZDHitwjXaNGKMmGXPXOqxrXoZ3u0i/"/>
							<param name="widget_header" value="Formula 1"/>
							<param name="widget_target" value="videos"/>
							<param name="sortby" value=""/>
							<param name="list_id" value="10903"/>
						</include>
						<include content="catchupWidgetListEpisodes">
							<param name="content_path" value="plugin://plugin.video.youtube/channel/UCz1D0n02BR3t51KuBOPmfTQ/playlist/PLLtUhzivrSZSWdevrM0oM2FrVMAR8nbL8/"/>
							<param name="widget_header" value="Cricket"/>
							<param name="widget_target" value="videos"/>
							<param name="sortby" value=""/>
							<param name="list_id" value="10904"/>
						</include>
						<include content="catchupWidgetListEpisodes">
							<param name="content_path" value="plugin://plugin.video.youtube/channel/UCJ5v_MCY6GNUBTO8-D3XoAg/playlist/PLqIVmFaHA8Bo_c-Fzs94PecBbZFpoDRo6/"/>
							<param name="widget_header" value="WWE"/>
							<param name="widget_target" value="videos"/>
							<param name="sortby" value=""/>
							<param name="list_id" value="10905"/>
						</include>
					</control>
				</control>
				<control type="group" id="11000">
					<visible>String.IsEqual(Container(9000).ListItem.Property(id),skynews)</visible>
					<include content="Visible_Right_Delayed">
						<param name="id" value="skynews"/>
					</include>
					<control type="grouplist" id="11001">
						<include>catchuptvWidgetGroupListCommon</include>
						<include content="catchup1WidgetListEpisodes">
							<param name="content_path" value="plugin://plugin.video.youtube/channel/UCoMdktPbSTixAyNGwb-UYkQ/playlist/PLG8IrydigQfcOZJVitbBEAHtJL0T7I7_H/"/>
							<param name="widget_header" value="Sky News"/>
							<param name="widget_target" value="videos"/>
							<param name="sortby" value=""/>
							<param name="list_id" value="11003"/>
						</include>
					</control>
				</control>
				<control type="group" id="11100">
					<visible>String.IsEqual(Container(9000).ListItem.Property(id),fox)</visible>
					<include content="Visible_Right_Delayed">
						<param name="id" value="fox"/>
					</include>
					<control type="grouplist" id="11101">
						<include>catchuptvWidgetGroupListCommon</include>
						<include content="catchup1WidgetListEpisodes">
							<param name="content_path" value="plugin://script.embuary.info/movie/trending"/>
							<param name="widget_header" value="Fox"/>
							<param name="widget_target" value="videos"/>
							<param name="sortby" value="random"/>
							<param name="list_id" value="11103"/>
						</include>
					</control>
				</control>

				<control type="group" id="11300">
					<visible>String.IsEqual(Container(9000).ListItem.Property(id),watch)</visible>
					<include content="Visible_Right_Delayed">
						<param name="id" value="watch"/>
					</include>
					<control type="grouplist" id="11301">
						<include>catchuptvWidgetGroupListCommon</include>
						<include content="catchup1WidgetListEpisodes">
							<param name="content_path" value="plugin://script.skin.helper.widgets/?action=recommended&amp;mediatype=movies&amp;reload=$INFO[Window(Home).Property(widgetreload-movies)]"/>
							<param name="widget_header" value="W"/>
							<param name="widget_target" value="videos"/>
							<param name="sortby" value="random"/>
							<param name="list_id" value="11303"/>
						</include>
					</control>
				</control>
				<control type="group" id="11400">
					<visible>String.IsEqual(Container(9000).ListItem.Property(id),gold)</visible>
					<include content="Visible_Right_Delayed">
						<param name="id" value="gold"/>
					</include>
					<control type="grouplist" id="11401">
						<include>catchuptvWidgetGroupListCommon</include>
						<include content="catchup1WidgetListEpisodes">
							<param name="content_path" value="plugin://script.skin.helper.widgets/?action=inprogress&amp;mediatype=tvshows&amp;reload=$INFO[Window(Home).Property(widgetreload)]"/>
							<param name="widget_header" value="GOLD"/>
							<param name="widget_target" value="videos"/>
							<param name="sortby" value="random"/>
							<param name="list_id" value="11403"/>
						</include>
					</control>
				</control>
				<control type="group" id="11500">
					<visible>String.IsEqual(Container(9000).ListItem.Property(id),comedycentral)</visible>
					<include content="Visible_Right_Delayed">
						<param name="id" value="comedycentral"/>
					</include>
					<control type="grouplist" id="11501">
						<include>catchuptvWidgetGroupListCommon</include>
						<include content="catchup1WidgetListEpisodes">
							<param name="content_path" value=" "/>
							<param name="widget_header" value="Comedy Central"/>
							<param name="widget_target" value="videos"/>
							<param name="sortby" value="random"/>
							<param name="list_id" value="11503"/>
						</include>
					</control>
				</control>
				<control type="group" id="11600">
					<visible>String.IsEqual(Container(9000).ListItem.Property(id),universal)</visible>
					<include content="Visible_Right_Delayed">
						<param name="id" value="universal"/>
					</include>
					<control type="grouplist" id="11601">
						<include>catchuptvWidgetGroupListCommon</include>
						<include content="catchup1WidgetListEpisodes">
							<param name="content_path" value=""/>
							<param name="widget_header" value="Universal"/>
							<param name="widget_target" value="videos"/>
							<param name="sortby" value="random"/>
							<param name="list_id" value="11603"/>
						</include>
					</control>
				</control>
				<control type="group" id="11700">
					<visible>String.IsEqual(Container(9000).ListItem.Property(id),syfy)</visible>
					<include content="Visible_Right_Delayed">
						<param name="id" value="syfy"/>
					</include>
					<control type="grouplist" id="11701">
						<include>catchuptvWidgetGroupListCommon</include>
						<include content="catchup1WidgetListEpisodes">
							<param name="content_path" value=" "/>
							<param name="widget_header" value="Syfy"/>
							<param name="widget_target" value="videos"/>
							<param name="sortby" value="random"/>
							<param name="list_id" value="11703"/>
						</include>
					</control>
				</control>
				<control type="group" id="11800">
					<visible>String.IsEqual(Container(9000).ListItem.Property(id),tlc)</visible>
					<include content="Visible_Right_Delayed">
						<param name="id" value="tlc"/>
					</include>
					<control type="grouplist" id="11801">
						<include>catchuptvWidgetGroupListCommon</include>
						<include content="catchup1WidgetListEpisodes">
							<param name="content_path" value=" "/>
							<param name="widget_header" value="TLC"/>
							<param name="widget_target" value="videos"/>
							<param name="sortby" value="random"/>
							<param name="list_id" value="11803"/>
						</include>
					</control>
				</control>
				<control type="group" id="11900">
					<visible>String.IsEqual(Container(9000).ListItem.Property(id),mtv)</visible>
					<include content="Visible_Right_Delayed">
						<param name="id" value="mtv"/>
					</include>
					<control type="grouplist" id="11901">
						<top>30</top><include>catchuptvWidgetGroupListCommon</include>
						<include content="catchup1WidgetListEpisodes">
							<param name="content_path" value=" "/>
							<param name="widget_header" value="MTV"/>
							<param name="widget_target" value="videos"/>
							<param name="sortby" value="random"/>
							<param name="list_id" value="11903"/>
						</include>
					</control>
				</control>

				<control type="group" id="12400">
					<visible>String.IsEqual(Container(9000).ListItem.Property(id),challenge)</visible>
					<include content="Visible_Right_Delayed">
						<param name="id" value="challenge"/>
					</include>
					<control type="grouplist" id="12401">
						<include>catchuptvWidgetGroupListCommon</include>
						<include content="catchup1WidgetListEpisodes">
							<param name="content_path" value=" "/>
							<param name="widget_header" value="Challenge"/>
							<param name="widget_target" value="videos"/>
							<param name="sortby" value="random"/>
							<param name="list_id" value="12403"/>
						</include>
					</control>
				</control>

				<control type="group" id="12700">
					<visible>String.IsEqual(Container(9000).ListItem.Property(id),eurosport)</visible>
					<include content="Visible_Right_Delayed">
						<param name="id" value="eurosport"/>
					</include>
					<control type="grouplist" id="12701">
						<include>catchuptvWidgetGroupListCommon</include>
						<include content="catchup1WidgetListEpisodes">
							<param name="content_path" value=""/>
							<param name="widget_header" value="Eurosport"/>
							<param name="widget_target" value="videos"/>
							<param name="sortby" value="random"/>
							<param name="list_id" value="12703"/>
						</include>
					</control>
				</control>
				<control type="group" id="12800">
					<visible>String.IsEqual(Container(9000).ListItem.Property(id),discovery)</visible>
					<include content="Visible_Right_Delayed">
						<param name="id" value="discovery"/>
					</include>
					<control type="grouplist" id="12801">
						<include>catchuptvWidgetGroupListCommon</include>
						<include content="catchup1WidgetListEpisodes">
							<param name="content_path" value=" "/>
							<param name="widget_header" value="Discovery Channel"/>
							<param name="widget_target" value="videos"/>
							<param name="sortby" value="random"/>
							<param name="list_id" value="12803"/>
						</include>
					</control>
				</control>
				<control type="group" id="12900">
					<visible>String.IsEqual(Container(9000).ListItem.Property(id),natgeo)</visible>
					<include content="Visible_Right_Delayed">
						<param name="id" value="natgeo"/>
					</include>
					<control type="grouplist" id="12901">
						<include>catchuptvWidgetGroupListCommon</include>
						<include content="catchup1WidgetListEpisodes">
							<param name="content_path" value=" "/>
							<param name="widget_header" value="Nat Geo"/>
							<param name="widget_target" value="videos"/>
							<param name="sortby" value="random"/>
							<param name="list_id" value="12903"/>
						</include>
					</control>
				</control>
				<control type="group" id="13000">
					<visible>String.IsEqual(Container(9000).ListItem.Property(id),history)</visible>
					<include content="Visible_Right_Delayed">
						<param name="id" value="history"/>
					</include>
					<control type="grouplist" id="13001">
						<include>catchuptvWidgetGroupListCommon</include>
						<include content="catchup1WidgetListEpisodes">
							<param name="content_path" value=" "/>
							<param name="widget_header" value="History Channel"/>
							<param name="widget_target" value="videos"/>
							<param name="sortby" value="random"/>
							<param name="list_id" value="13003"/>
						</include>
					</control>
				</control>

				<control type="group" id="13200">
					<visible>String.IsEqual(Container(9000).ListItem.Property(id),cartoonnetwork)</visible>
					<include content="Visible_Right_Delayed">
						<param name="id" value="cartoonnetwork"/>
					</include>
					<control type="grouplist" id="13201">
						<include>catchuptvWidgetGroupListCommon</include>
						<include content="catchup1WidgetListEpisodes">
							<param name="content_path" value=" "/>
							<param name="widget_header" value="Cartoon Network"/>
							<param name="widget_target" value="videos"/>
							<param name="sortby" value="random"/>
							<param name="list_id" value="13203"/>
						</include>
					</control>
				</control>
				<control type="group" id="13300">
					<visible>String.IsEqual(Container(9000).ListItem.Property(id),boomerang)</visible>
					<include content="Visible_Right_Delayed">
						<param name="id" value="boomerang"/>
					</include>
					<control type="grouplist" id="13301">
						<include>catchuptvWidgetGroupListCommon</include>
						<include content="catchup1WidgetListEpisodes">
							<param name="content_path" value=" "/>
							<param name="widget_header" value="Boomerang"/>
							<param name="widget_target" value="videos"/>
							<param name="sortby" value="random"/>
							<param name="list_id" value="13303"/>
						</include>
					</control>
				</control>
				<control type="group" id="13400">
					<visible>String.IsEqual(Container(9000).ListItem.Property(id),nickelodeon)</visible>
					<include content="Visible_Right_Delayed">
						<param name="id" value="nickelodeon"/>
					</include>
					<control type="grouplist" id="13401">
						<top>30</top><include>catchuptvWidgetGroupListCommon</include>
						<include content="catchup1WidgetListEpisodes">
							<param name="content_path" value=" "/>
							<param name="widget_header" value="Nickelodeon"/>
							<param name="widget_target" value="videos"/>
							<param name="sortby" value="random"/>
							<param name="list_id" value="13403"/>
						</include>
					</control>
				</control>

				<control type="group" id="13600">
					<visible>String.IsEqual(Container(9000).ListItem.Property(id),disneyxd)</visible>
					<include content="Visible_Right_Delayed">
						<param name="id" value="disneyxd"/>
					</include>
					<control type="grouplist" id="13601">
						<top>30</top><include>catchuptvWidgetGroupListCommon</include>
						<include content="catchup1WidgetListEpisodes">
							<param name="content_path" value=" "/>
							<param name="widget_header" value="Disney XD"/>
							<param name="widget_target" value="videos"/>
							<param name="sortby" value="random"/>
							<param name="list_id" value="13603"/>
						</include>
					</control>
				</control>
				<control type="group" id="13700">
					<visible>String.IsEqual(Container(9000).ListItem.Property(id),disneychannel)</visible>
					<include content="Visible_Right_Delayed">
						<param name="id" value="disneychannel"/>
					</include>
					<control type="grouplist" id="13701">
						<top>30</top><include>catchuptvWidgetGroupListCommon</include>
						<include content="catchup1WidgetListEpisodes">
							<param name="content_path" value=" "/>
							<param name="widget_header" value="Disney Channel"/>
							<param name="widget_target" value="videos"/>
							<param name="sortby" value="random"/>
							<param name="list_id" value="13703"/>
						</include>
					</control>
				</control>

				<control type="group" id="13900">
					<visible>String.IsEqual(Container(9000).ListItem.Property(id),nickjr)</visible>
					<include content="Visible_Right_Delayed">
						<param name="id" value="nickjr"/>
					</include>
					<control type="grouplist" id="13901">
						<top>30</top><include>catchuptvWidgetGroupListCommon</include>
						<include content="catchup1WidgetListEpisodes">
							<param name="content_path" value=" "/>
							<param name="widget_header" value="Nick Jr."/>
							<param name="widget_target" value="videos"/>
							<param name="sortby" value="random"/>
							<param name="list_id" value="13903"/>
						</include>
					</control>
				</control>
			</control>


					<!-- Menu -->

					<control type="group">
						<depth>DepthContentPanel</depth>
						<include>OpenClose_Left</include>
						<include content="ContentPanel">
							<param name="width" value="522" />
						</include>
						<control type="fixedlist" id="9000">
							<left>0</left>
							<top>450</top>
							<width>462</width>
							<width>574</width>
							<movement>6</movement>
							<focusposition>0</focusposition>
							<onfocus>ClearProperty(listposition,home)</onfocus>
							<onright>SetFocus($INFO[Container(9000).ListItem.Property(menu_id)])</onright>
							<onup>700</onup>
							<ondown>700</ondown>
							<scrolltime tween="cubic" easing="out">500</scrolltime>
							<focusedlayout height="95">
							<control type="group">
							<animation effect="fade" start="100" end="0" time="0">UnFocus</animation>

									<!-- Box around menu items -->

									<control type="image">
										<left>70</left>
										<width>392</width>
										<height>85</height>
										<texture>menuselect.png</texture>
										<animation effect="fade" start="100" end="0" time="0" condition="[!Control.HasFocus(9000) + !ControlGroup(700).HasFocus] | System.HasModalDialog">Conditional</animation>
									</control>
								</control>
								<control type="label">
									<left>104</left>
									<top>0</top>
									<height>95</height>
									<width>560</width>
									<aligny>center</aligny>
									<font>font37_medium</font>
									<label>$INFO[ListItem.Label]</label>
									<shadowcolor>text_shadow</shadowcolor>
								</control>
							</focusedlayout>
							<itemlayout height="95">
								<control type="label">
									<left>104</left>
									<top>0</top>
									<height>95</height>
									<width>560</width>
									<aligny>center</aligny>
									<font>font33_regular</font>
									<label>$INFO[ListItem.Label]</label>
									<shadowcolor>text_shadow</shadowcolor>
								</control>
							</itemlayout>

					<content>

						<item>
							<label>BBC iPlayer</label>
							<onclick>ActivateWindow(Videos,plugin://plugin.video.iplayerwww/?description&amp;logged_in=False&amp;subtitles_url&amp;url=url)</onclick>
							<property name="menu_id">$NUMBER[10100]</property>
							<property name="id">bbciplayer</property>
							<thumb>special://skin/media/menuimage/submenu/bbciplayer.png</thumb>
							<visible>!Skin.HasSetting(HomeMenuNocatchuptvButton)</visible>
							<thumb></thumb>
						</item>
						<item>
							<label>ITV Hub</label>
							<onclick></onclick>
							<property name="menu_id">$NUMBER[10200]</property>
							<property name="id">itvhub</property>
							<thumb>special://skin/media/menuimage/submenu/itvhub.png</thumb>
							<visible>!Skin.HasSetting(HomeMenuNocatchuptvButton)</visible>
						</item>
						<item>
							<label>All 4</label>
							<onclick>ActivateWindow(10025,&quot;plugin://plugin.video.youtube/channel/UCiZ47iCEOmqsyZU_6XP9ekg/&quot;,return)</onclick>
							<property name="menu_id">$NUMBER[10300]</property>
							<property name="id">all4</property>
							<visible>!Skin.HasSetting(HomeMenuNocatchuptvButton)</visible>
						</item>
						<item>
							<label>Channel 5</label>
							<onclick></onclick>
							<property name="menu_id">$NUMBER[10400]</property>
							<property name="id">channel5</property>
							<visible>!Skin.HasSetting(HomeMenuNocatchuptvButton)</visible>
						</item>
						<item>
							<label>Sky1</label>
							<onclick></onclick>
							<property name="menu_id">$NUMBER[10500]</property>
							<property name="id">sky1</property>
							<visible>!Skin.HasSetting(HomeMenuNocatchuptvButton)</visible>
						</item>
						<item>
							<label>Sky Atlantic</label>
							<onclick></onclick>
							<property name="menu_id">$NUMBER[10600]</property>
							<property name="id">skyatlantic</property>
							<visible>!Skin.HasSetting(HomeMenuNocatchuptvButton)</visible>
						</item>
						<item>
							<label>Sky Living</label>
							<onclick>ActivateWindow(10025,&quot; &quot;,return)</onclick>
							<property name="menu_id">$NUMBER[10700]</property>
							<property name="id">skyliving</property>
							<visible>!Skin.HasSetting(HomeMenuNocatchuptvButton)</visible>
						</item>
						<item>
							<label>Sky Arts</label>
							<onclick></onclick>
							<property name="menu_id">$NUMBER[10800]</property>
							<property name="id">skyarts</property>
							<visible>!Skin.HasSetting(HomeMenuNocatchuptvButton)</visible>
						</item>
						<item>
							<label>Sky Sports</label>
							<onclick>ActivateWindow(1122)</onclick>
							<property name="menu_id">$NUMBER[10900]</property>
							<property name="id">skysports</property>
							<visible>!Skin.HasSetting(HomeMenuNosportsButton)</visible>
						</item>
						<item>
							<label>Sky News</label>
							<onclick>ActivateWindow(10025,&quot;plugin://plugin.video.youtube/channel/UCoMdktPbSTixAyNGwb-UYkQ/playlist/PLG8IrydigQfcOZJVitbBEAHtJL0T7I7_H/&quot;,return)</onclick>
							<property name="menu_id">$NUMBER[11000]</property>
							<property name="id">skynews</property>
							<visible>!Skin.HasSetting(HomeMenuNocatchuptvButton)</visible>
						</item>
						<item>
							<label>FOX</label>
							<onclick></onclick>
							<property name="menu_id">$NUMBER[11100]</property>
							<property name="id">fox</property>
							<visible>!Skin.HasSetting(HomeMenuNocatchuptvButton)</visible>
						</item>
						<item>
							<label>UKTV Play</label>
							<onclick>ActivateWindow(10025,&quot;plugin://plugin.video.uktvplay/&quot;,return)</onclick>
							<property name="menu_id">$NUMBER[11200]</property>
							<property name="id">uktvplay</property>
							<visible>!Skin.HasSetting(HomeMenuNocatchuptvButton)</visible>
						</item>
						<item>
							<label>W</label>
							<onclick></onclick>
							<property name="menu_id">$NUMBER[11300]</property>
							<property name="id">watch</property>
							<visible>!Skin.HasSetting(HomeMenuNocatchuptvButton)</visible>
						</item>
						<item>
							<label>GOLD</label>
							<onclick></onclick>
							<property name="menu_id">$NUMBER[11400]</property>
							<property name="id">gold</property>
							<visible>!Skin.HasSetting(HomeMenuNocatchuptvButton)</visible>
						</item>
						<item>
							<label>Comedy Central</label>
							<onclick></onclick>
							<property name="menu_id">$NUMBER[11500]</property>
							<property name="id">comedycentral</property>
							<visible>!Skin.HasSetting(HomeMenuNocatchuptvButton)</visible>
						</item>
						<item>
							<label>Universal</label>
							<onclick>ActivateWindow(Videos,addons://sources/video/&quot;,return)</onclick>
							<property name="menu_id">$NUMBER[11600]</property>
							<property name="id">universal</property>
							<visible>!Skin.HasSetting(HomeMenuNocatchuptvButton)</visible>
						</item>
						<item>
							<label>Syfy</label>
							<onclick></onclick>
							<property name="menu_id">$NUMBER[11700]</property>
							<property name="id">syfy</property>
							<visible>!Skin.HasSetting(HomeMenuNocatchuptvButton)</visible>
						</item>
						<item>
							<label>TLC</label>
							<onclick></onclick>
							<property name="menu_id">$NUMBER[11800]</property>
							<property name="id">tlc</property>
							<visible>!Skin.HasSetting(HomeMenuNocatchuptvButton)</visible>
						</item>
						<item>
							<label>MTV</label>
							<onclick></onclick>
							<property name="menu_id">$NUMBER[11900]</property>
							<property name="id">mtv</property>
							<visible>!Skin.HasSetting(HomeMenuNocatchuptvButton)</visible>
						</item>
						<item>
							<label>alibi</label>
							<onclick></onclick>
							<property name="menu_id">$NUMBER[12000]</property>
							<property name="id">alibi</property>
							<visible>!Skin.HasSetting(HomeMenuNocatchuptvButton)</visible>
						</item>
						<item>
							<label>Pick</label>
							<onclick>ActivateWindow(Videos,addons://sources/video/&quot;,return)</onclick>
							<property name="menu_id">$NUMBER[12100]</property>
							<property name="id">pick</property>
							<visible>!Skin.HasSetting(HomeMenuNocatchuptvButton)</visible>
						</item>
						<item>
							<label>E!</label>
							<onclick></onclick>
							<property name="menu_id">$NUMBER[12200]</property>
							<property name="id">echannel</property>
							<visible>!Skin.HasSetting(HomeMenuNocatchuptvButton)</visible>
						</item>
						<item>
							<label>VICELAND</label>
							<onclick></onclick>
							<property name="menu_id">$NUMBER[12300]</property>
							<property name="id">viceland</property>
							<visible>!Skin.HasSetting(HomeMenuNocatchuptvButton)</visible>
						</item>
						<item>
							<label>Challenge</label>
							<onclick></onclick>
							<property name="menu_id">$NUMBER[12400]</property>
							<property name="id">challenge</property>
							<visible>!Skin.HasSetting(HomeMenuNocatchuptvButton)</visible>
						</item>
						<item>
							<label>Lifetime</label>
							<onclick></onclick>
							<property name="menu_id">$NUMBER[12500]</property>
							<property name="id">lifetime</property>
							<visible>!Skin.HasSetting(HomeMenuNocatchuptvButton)</visible>
						</item>
						<item>
							<label>Star</label>
							<onclick></onclick>
							<property name="menu_id">$NUMBER[12600]</property>
							<property name="id">Star</property>
							<visible>!Skin.HasSetting(HomeMenuNocatchuptvButton)</visible>
						</item>
						<item>
							<label>Eurosport</label>
							<onclick>ActivateWindow(Videos,addons://sources/video/&quot;,return)</onclick>
							<property name="menu_id">$NUMBER[12700]</property>
							<property name="id">eurosport</property>
							<visible>!Skin.HasSetting(HomeMenuNosportsButton)</visible>
						</item>
						<item>
							<label>Discovery</label>
							<onclick></onclick>
							<property name="menu_id">$NUMBER[12800]</property>
							<property name="id">discovery</property>
							<visible>!Skin.HasSetting(HomeMenuNocatchuptvButton)</visible>
						</item>
						<item>
							<label>Nat Geo</label>
							<onclick></onclick>
							<property name="menu_id">$NUMBER[12900]</property>
							<property name="id">natgeo</property>
							<visible>!Skin.HasSetting(HomeMenuNocatchuptvButton)</visible>
						</item>
						<item>
							<label>History</label>
							<onclick></onclick>
							<property name="menu_id">$NUMBER[13000]</property>
							<property name="id">history</property>
							<visible>!Skin.HasSetting(HomeMenuNocatchuptvButton)</visible>
						</item>
						<item>
							<label>Crime+Inv</label>
							<onclick></onclick>
							<property name="menu_id">$NUMBER[13100]</property>
							<property name="id">crimeinv</property>
							<visible>!Skin.HasSetting(HomeMenuNocatchuptvButton)</visible>
						</item>
						<item>
							<label>Cartoon Network</label>
							<onclick></onclick>
							<property name="menu_id">$NUMBER[13200]</property>
							<property name="id">cartoonnetwork</property>
							<visible>!Skin.HasSetting(HomeMenuNokidsButton)</visible>
						</item>
						<item>
							<label>Boomerang</label>
							<onclick></onclick>
							<property name="menu_id">$NUMBER[13300]</property>
							<property name="id">boomerang</property>
							<visible>!Skin.HasSetting(HomeMenuNokidsButton)</visible>
						</item>
						<item>
							<label>Nickelodeon</label>
							<onclick></onclick>
							<property name="menu_id">$NUMBER[13400]</property>
							<property name="id">nickelodeon</property>
							<visible>!Skin.HasSetting(HomeMenuNokidsButton)</visible>
						</item>
						<item>
							<label>Nicktoons</label>
							<onclick></onclick>
							<property name="menu_id">$NUMBER[13500]</property>
							<property name="id">nicktoons</property>
							<visible>!Skin.HasSetting(HomeMenuNokidsButton)</visible>
						</item>
						<item>
							<label>Disney XD</label>
							<onclick></onclick>
							<property name="menu_id">$NUMBER[13600]</property>
							<property name="id">disneyxd</property>
							<visible>!Skin.HasSetting(HomeMenuNokidsButton)</visible>
						</item>
						<item>
							<label>Disney Channel</label>
							<onclick></onclick>
							<property name="menu_id">$NUMBER[13700]</property>
							<property name="id">disneychannel</property>
							<visible>!Skin.HasSetting(HomeMenuNokidsButton)</visible>
						</item>
						<item>
							<label>Disney Junior</label>
							<onclick></onclick>
							<property name="menu_id">$NUMBER[13800]</property>
							<property name="id">disneyjunior</property>
							<visible>!Skin.HasSetting(HomeMenuNokidsButton)</visible>
						</item>
						<item>
							<label>Nick Jr</label>
							<onclick></onclick>
							<property name="menu_id">$NUMBER[13900]</property>
							<property name="id">nickjr</property>
							<visible>!Skin.HasSetting(HomeMenuNokidsButton)</visible>
						</item>
					</content>
				</control>


			</control>
			<include content="TopBar">
				<param name="breadcrumbs_label" value="" />
			</include>

			<control type="rss">
				<animation effect="slide" end="0,90" time="300" tween="sine" easing="inout" condition="$EXP[infodialog_active]">conditional</animation>
				<animation effect="fade" start="0" end="100" time="400">WindowOpen</animation>
				<animation effect="fade" start="100" end="0" time="300">WindowClose</animation>
				<left>0</left>
				<bottom>0</bottom>
				<height>30</height>
				<width>25%</width>
				<font>font12</font>
				<urlset>1</urlset>
				<hitrect x="-100" y="0" w="1" h="1" />
				<titlecolor>button_focus</titlecolor>
				<textcolor>button_focus</textcolor>
				<shadowcolor>text_shadow</shadowcolor>
				<headlinecolor>FFC0C0C0</headlinecolor>
			</control>
		</control>
	</controls>
</window>
