<?xml version="1.0" encoding="UTF-8"?>
<window>
	<depth>DepthOSD</depth>
	<defaultcontrol always="true">5553</defaultcontrol>
	<controls>
		<control type="button">
			<description>background close area</description>
			<left>0</left>
			<top>0</top>
			<width>100%</width>
			<bottom>280</bottom>
			<texturefocus />
			<texturenofocus />
			<onclick>Action(close)</onclick>
		</control>
		<control type="group">
			<bottom>0</bottom>
			<height>230</height>
			<visible>!Window.IsVisible(playerprocessinfo)</visible>
			<animation effect="fade" time="200">VisibleChange</animation>
			<control type="group">
			<animation effect="slide" end="0,-80" time="150" condition="PVR.IsTimeShift">conditional</animation>
			<!--<control type="image">
					<depth>DepthOSD+</depth>
					<left>10</left>
					<top>-490</top>
					<width>400</width>
					<height>600</height>
					<aspectratio aligny="bottom">keep</aspectratio>
					<texture fallback="DefaultVideo.png" background="true">$INFO[PVR.EpgEventIco]</texture>
					<bordertexture border="21">overlays/shadow.png</bordertexture>
					<bordersize>20</bordersize>
					<include>OpenClose_Left</include>
				</control>-->
				<control type="group">
					<include>OpenClose_Right</include>
					<!-- control main osd  background omobatv-->
					<control type="image">
						<left>0</left>
						<bottom>0</bottom>
						<top>-120</top>
						<right>0</right>
						<width></width>
						<height>375</height>
						<texture>osd/osdinfobar1.png</texture>
					</control>
					<control type="image">
						<description>Osd now programme image</description>
						<left>445</left>
						<top>-65</top>
						<width>350</width>
						<height>210</height>
						<aspectratio aligny="top">scale</aspectratio>
						<texture fallback="DefaultVideo.png" background="true">$VAR[VideoPlayerOsdImageVar]</texture>
					</control>
					<!-- main osd Player Title omobatv-->
					<control type="label">
						<left>805</left>
						<top>-75</top>
						<right></right>
						<font>font30_bold</font>
						<height>290</height>
						<label>$INFO[VideoPlayer.Title]</label>
						<align>left</align>
					</control>
					<!-- main osd Player Next  program Title omobatv-->
					<control type="label">
						<left>1575</left>
						<top>-80</top>
						<right></right>
						<font>font30_bold</font>
						<height>290</height>
						<label>$VAR[NextProgramTitleOrVideoDuration]</label>
						<align>left</align>
					</control>
					<!-- main osd Player Next program Time omobatv-->
					<control type="label">
						<left>1575</left>
						<top>152</top>
						<right></right>
						<font>font28_bold</font>
						<height></height>
						<label>$VAR[NextStartTimeOrVideoRemaining]</label>
						<align>left</align>
					</control>
						<!-- osd Player plot omobatv-->
					<control type="textbox">
						<left>805</left>
						<top>-30</top>
						<right>370</right>
						<height>165</height>
						<label fallback="416">$INFO[VideoPlayer.Plot]</label>
						<font>font30_regular</font>
						<wrapmultiline>true</wrapmultiline>
						<align>justify</align>
						<autoscroll time="3600" delay="6000" repeat="6000">false</autoscroll>
					</control>
					<control type="label">
					 <description> Osd bottom left custom day and time</description>
					 <right>1505</right>
					 <top>152</top>
					 <width>300</width>
					 <height></height>
					 <align>right</align>
					 <aligny>left</aligny>
					 <font>font30_bold</font>
					 <textcolor>white</textcolor>
					 <shadowcolor>black</shadowcolor>
					 <label>$INFO[System.Date(DDD)], [LOWERCASE]$INFO[System.Time][/LOWERCASE]</label>
					 <animation effect="slide" start="0,0" end="-40,0" time="75" condition="Window.IsVisible(Mutebug)">conditional</animation>
			 </control>
			 <control type="label">
					 <description>Osd now Program time</description>
					 <left>445</left>
					 <top>152</top>
					 <width>240</width>
					 <height></height>
					 <label>[LOWERCASE]$INFO[VideoPlayer.StartTime][/LOWERCASE]</label>
					 <textcolor>FFFFFFFF</textcolor>
					 <font>font28_bold</font>
					 <align>left</align>
         </control>
				 <control type="image">
				   <description> Custom osd arrow up button</description>
				   <left>370</left>
				   <top>-30</top>
				   <width>35</width>
				   <height>21</height>
				   <label></label>
				   <texture>osd/up-arrow.png</texture>
					 <visible>[VideoPlayer.Content(LiveTV) + VideoPlayer.HasEpg]</visible>
				 </control>
				 <control type="image">
				   <description> Custom osd arrow down</description>
				   <left>370</left>
				   <top>90</top>
				   <width>35</width>
				   <height>21</height>
				   <label></label>
				   <texture>osd/down-arrow.png</texture>
					 <visible>[VideoPlayer.Content(LiveTV) + VideoPlayer.HasEpg]</visible>
				 </control>

				 <control type="label">
						 <description>osd Channel number</description>
						 <left>361</left>
						 <top>20</top>
						 <width></width>
						 <height></height>
						 <label>$INFO[VideoPlayer.ChannelNumberLabel]</label>
						 <textcolor>FFFFFFFF</textcolor>
						 <font>font33_bold</font>
						 <align>left</align>
	         </control>
					 <control type="label">
							 <description>osd Channel name</description>
							 <right>1585</right>
							 <top>20</top>
							 <width></width>
							 <height></height>
							 <label>$INFO[VideoPlayer.ChannelName]</label>
							 <textcolor>FFFFFFFF</textcolor>
							 <font>font33_bold</font>
							 <align>right</align>
		         </control>
						 <control type="progress">
  			       <description>Osd Progressbar</description>
  			       <left>444</left>
  			       <top>137</top>
  			       <width>350</width>
  			       <height>9</height>
  			       <info>PVR.EpgEventProgress</info>
  			       <visible>[VideoPlayer.Content(LiveTV) + VideoPlayer.HasEpg]</visible>
  						 <texturebg colordiffuse="white">osd/osd-progress-bottom.png</texturebg>
  						 <midtexture colordiffuse="skyblue">osd/osd-progress-top.png</midtexture>
  		         </control>
							 <control type="progress">
	  			       <description>Osd Progressbar</description>
	  			       <left>444</left>
	  			       <top>137</top>
	  			       <width>350</width>
	  			       <height>9</height>
	  			       <info>Player.Progress</info>
	  			       <visible>[!VideoPlayer.Content(LiveTV) + !VideoPlayer.HasEpg]</visible>
	  						 <texturebg colordiffuse="white">osd/osd-progress-bottom.png</texturebg>
	  						 <midtexture colordiffuse="skyblue">osd/osd-progress-top.png</midtexture>
	  		         </control>

					<control type="image">
				     <description>Custom Video Resolution Image</description>
				     <left>715</left>
			       <top>155</top>
				     <width>42</width>
				     <height>25</height>
					   <aspectratio>keep</aspectratio>
			       <texture>$INFO[VideoPlayer.VideoResolution,q-icons/,.png]</texture>
			       <visible></visible>
			     </control>
					 <control type="image">
 				     <description>Custom subtitle Image</description>
 				     <left>752</left>
 			       <top>155</top>
 				     <width>50</width>
 				     <height>30</height>
 					   <aspectratio>keep</aspectratio>
 			       <texture>q-icons/AD.png</texture>
 			       <visible></visible>
 			     </control>

				<control type="label">
					<description>movies player time</description>
					<left>445</left>
					<top>160</top>
					<width>240</width>
					<height>20</height>
					<font>font28_bold</font>
					<textcolor>white</textcolor>
					<align>left</align>
					<aligny>center</aligny>
					<label>$INFO[Player.Time]</label>
					<visible>![VideoPlayer.Content(LiveTV) + VideoPlayer.HasEpg]</visible>
					<visible>!Player.Seeking</visible>
				</control>

					<!--<control type="textbox">
						<left>443</left>
						<top>-207</top>
						<right>80</right>
						<height>290</height>
						<label fallback="416">$VAR[FullScreenInfoTextBoxVar]</label>
						<align>justify</align>
						<autoscroll delay="5000" repeat="7500" time="5000"></autoscroll>
					</control>
					<control type="grouplist" id="5550">
						<right>20</right>
						<top>-310</top>
						<width>1000</width>
						<height>100</height>
						<align>right</align>
						<orientation>horizontal</orientation>
						<itemgap>-10</itemgap>
						<onup>Dialog.Close(fullscreeninfo)</onup>
						<ondown>Dialog.Close(fullscreeninfo)</ondown>
						<usecontrolcoords>true</usecontrolcoords>
						<control type="button" id="5553">
							<width>auto</width>
							<height>100</height>
							<textoffsetx>80</textoffsetx>
							<label>$LOCALIZE[207]</label>
						</control>
						<control type="button" id="5554">
							<width>auto</width>
							<height>100</height>
							<textoffsetx>80</textoffsetx>
							<label>$LOCALIZE[206]</label>
							<visible>!String.IsEmpty(VideoPlayer.CastAndRole)</visible>
						</control>
						<control type="button" id="5555">
							<width>auto</width>
							<height>100</height>
							<textoffsetx>80</textoffsetx>
							<label>$LOCALIZE[19031]</label>
							<visible>VideoPlayer.Content(livetv)</visible>
						</control>
					</control>-->
				</control>
			</control>
			<control type="grouplist">
				<right>20</right>
				<top>155</top>
				<width>1000</width>
				<height>100</height>
				<align>right</align>
				<include>Animation_BottomSlide</include>
				<orientation>horizontal</orientation>
				<itemgap>10</itemgap>
				<visible>!Player.ChannelPreviewActive</visible>
				<include content="MediaFlag">
					<param name="texture" value="$INFO[VideoPlayer.AudioChannels,flags/audiochannel/,.pn]" />
				</include>
				<include content="MediaFlag">
					<param name="texture" value="$INFO[VideoPlayer.AudioCodec,flags/audiocodec/,.pn]" />
				</include>
				<include content="MediaFlag">
					<param name="texture" value="$INFO[VideoPlayer.VideoAspect,flags/aspectratio/,.pn]" />
				</include>
				<include content="MediaFlag">
					<param name="texture" value="$INFO[VideoPlayer.VideoCodec,flags/videocodec/,.pn]" />
				</include>
			</control>
		</control>
	</controls>
</window>
