<?xml version="1.0" encoding="UTF-8"?>
<window>
	<defaultcontrol>9000</defaultcontrol>
	<backgroundcolor>background</backgroundcolor>
	<onload condition="String.IsEmpty(Skin.String(background_overlay))">Skin.SetString(background_overlay,1)</onload>
	<controls>
		<include>DefaultBackground</include>
		<control type="multiimage">
			<depth>DepthBackground</depth>
			<include>FullScreenDimensions</include>
			<aspectratio>scale</aspectratio>
			<fadetime>600</fadetime>
			<animation effect="zoom" center="auto" end="102,102" time="0" condition="Integer.IsGreater(System.StereoscopicMode,0)">conditional</animation>
			<animation effect="fade" start="0" end="100" time="400">WindowOpen</animation>
			<animation effect="fade" start="100" end="0" time="300">WindowClose</animation>
			<animation effect="fade" time="400">VisibleChange</animation>
			<imagepath background="true" colordiffuse="bg_overlay">$INFO[Skin.String(HomeFanart.path)]settings$INFO[Skin.String(HomeFanart.ext)]</imagepath>
			<visible>!Player.HasMedia + !String.IsEmpty(Skin.String(HomeFanart.path))</visible>
		</control>
		<control type="image">
 		 <visible>!player.hasmedia</visible>
 		 <top>105</top>
 		 <left>43</left>
 		 <height>260</height>
 		 <width>444</width>
 		 <texture>special://skin/media/menuimage/setup.png</texture>
 	 </control>

		<control type="group" id="10000">
			<left>500</left>
			<include>OpenClose_Right</include>
			<control type="grouplist" id="700">
				<top>160</top>
				<left>0</left>
				<right>0</right>
				<bottom>140</bottom>
				<onleft>9000</onleft>
				<onright>60</onright>
				<onup>700</onup>
				<ondown>700</ondown>
				<visible>Container(9000).HasFocus(1)</visible>
				<control type="radiobutton" id="701">
					<label>$LOCALIZE[31095]</label>
					<include>DefaultSettingButton</include>
					<selected>!Skin.HasSetting(no_slide_animations)</selected>
					<onclick>Skin.ToggleSetting(no_slide_animations)</onclick>
				</control>
				<control type="radiobutton" id="702">
					<label>$LOCALIZE[20189]</label>
					<include>DefaultSettingButton</include>
					<onclick>Skin.ToggleSetting(autoscroll)</onclick>
					<selected>Skin.HasSetting(autoscroll)</selected>
				</control>
				<control type="radiobutton" id="703">
					<label>$LOCALIZE[31158]</label>
					<include>DefaultSettingButton</include>
					<onclick>Skin.ToggleSetting(touchmode)</onclick>
					<selected>Skin.HasSetting(touchmode)</selected>
				</control>
				<control type="radiobutton" id="704">
					<label>$LOCALIZE[31093]</label>
					<include>DefaultSettingButton</include>
					<onclick condition="!String.IsEmpty(Weather.Plugin)">Skin.ToggleSetting(show_weatherinfo)</onclick>
					<onclick condition="String.IsEmpty(Weather.Plugin)">ActivateWindow(servicesettings,weather)</onclick>
					<selected>Skin.HasSetting(show_weatherinfo) + !String.IsEmpty(Weather.Plugin)</selected>
				</control>
				<control type="radiobutton" id="705">
					<label>$LOCALIZE[31160]</label>
					<include>DefaultSettingButton</include>
					<onclick>Skin.ToggleSetting(hide_mediaflags)</onclick>
					<selected>!Skin.HasSetting(hide_mediaflags)</selected>
				</control>
				<control type="radiobutton" id="6121">
					<label>Enable home addons label</label>
					<include>DefaultSettingButton</include>
					<selected>!Skin.HasSetting(HomeAddonsNoLabelButton)</selected>
					<onclick>Skin.ToggleSetting(HomeAddonsNoLabelButton)</onclick>
				</control>
				<control type="radiobutton" id="6126">
					<label>Use Sky Logo</label>
					<include>DefaultSettingButton</include>
					<selected>!Skin.HasSetting(HomeHeaderUseLogoSky)</selected>
					<onclick>Skin.ToggleSetting(HomeHeaderUseLogoSky)</onclick>
				</control>
			</control>
			<control type="grouplist" id="600">
				<top>160</top>
				<left>0</left>
				<right>0</right>
				<bottom>140</bottom>
				<onleft>9000</onleft>
				<onright>60</onright>
				<onup>600</onup>
				<ondown>600</ondown>
				<visible>Container(9000).HasFocus(3)</visible>
				<control type="radiobutton" id="605">
					<label>$LOCALIZE[31002]</label>
					<include>DefaultSettingButton</include>
					<onclick>Skin.ToggleSetting(no_fanart)</onclick>
					<selected>!Skin.HasSetting(no_fanart)</selected>
				</control>
				<control type="button" id="607">
					<label>$LOCALIZE[31156]</label>
					<label2>$VAR[BackgroundOverlayTypeVar]</label2>
					<include>DefaultSettingButton</include>
					<onclick condition="String.IsEqual(Skin.String(background_overlay),7)">Skin.SetString(background_overlay,0)</onclick>
					<onclick condition="String.IsEqual(Skin.String(background_overlay),6)">Skin.SetString(background_overlay,7)</onclick>
					<onclick condition="String.IsEqual(Skin.String(background_overlay),5)">Skin.SetString(background_overlay,6)</onclick>
					<onclick condition="String.IsEqual(Skin.String(background_overlay),4)">Skin.SetString(background_overlay,5)</onclick>
					<onclick condition="String.IsEqual(Skin.String(background_overlay),3)">Skin.SetString(background_overlay,4)</onclick>
					<onclick condition="String.IsEqual(Skin.String(background_overlay),2)">Skin.SetString(background_overlay,3)</onclick>
					<onclick condition="String.IsEqual(Skin.String(background_overlay),1)">Skin.SetString(background_overlay,2)</onclick>
					<onclick condition="String.IsEqual(Skin.String(background_overlay),0)">Skin.SetString(background_overlay,1)</onclick>
				</control>
				<control type="button" id="608">
					<label>$LOCALIZE[31131]</label>
					<label2>$INFO[Skin.String(HomeFanart.name)]</label2>
					<include>DefaultSettingButton</include>
					<onclick condition="System.HasAddon(script.image.resource.select)">RunScript(script.image.resource.select,property=HomeFanart&amp;type=resource.images.skinbackgrounds)</onclick>
					<onclick condition="!System.HasAddon(script.image.resource.select)">InstallAddon(script.image.resource.select)</onclick>
					<enable>!Skin.HasSetting(no_fanart)</enable>
				</control>
				<control type="button" id="609">
					<label>$LOCALIZE[31062]</label>
					<label2>$INFO[Skin.String(WeatherFanart.name)]</label2>
					<include>DefaultSettingButton</include>
					<onclick condition="System.HasAddon(script.image.resource.select)">RunScript(script.image.resource.select,property=WeatherFanart&amp;type=resource.images.weatherfanart)</onclick>
					<onclick condition="!System.HasAddon(script.image.resource.select)">InstallAddon(script.image.resource.select)</onclick>
					<enable>!Skin.HasSetting(no_fanart)</enable>
				</control>
				<control type="button" id="6066">
					<label>$LOCALIZE[31149]</label>
					<label2>$INFO[Skin.String(MovieGenreFanart.Name)]</label2>
					<include>DefaultSettingButton</include>
					<onclick condition="!System.HasAddon(script.image.resource.select)">InstallAddon(script.image.resource.select)</onclick>
					<onclick condition="System.HasAddon(script.image.resource.select)">RunScript(script.image.resource.select,property=MovieGenreFanart&amp;type=resource.images.moviegenrefanart)</onclick>
				</control>
			</control>
			<control type="grouplist" id="610">
				<top>160</top>
				<left>0</left>
				<right>0</right>
				<bottom>140</bottom>
				<onleft>9000</onleft>
				<onright>60</onright>
				<onup>610</onup>
				<pagecontrol>60</pagecontrol>
				<ondown>610</ondown>
				<visible>Container(9000).HasFocus(2)</visible>
				<control type="radiobutton" id="611">
					<label>Sky Cinema</label>
					<include>DefaultSettingButton</include>
					<selected>!Skin.HasSetting(HomeMenuNoMovieButton)</selected>
					<onclick>Skin.ToggleSetting(HomeMenuNoMovieButton)</onclick>
				</control>

				<control type="radiobutton" id="612">
					<label>Sky TV Shows</label>
					<include>DefaultSettingButton</include>
					<selected>!Skin.HasSetting(HomeMenuNoTVShowButton)</selected>
					<onclick>Skin.ToggleSetting(HomeMenuNoTVShowButton)</onclick>
				</control>

				<control type="radiobutton" id="613">
					<label>Music</label>
					<include>DefaultSettingButton</include>
					<selected>!Skin.HasSetting(HomeMenuNoMusicButton)</selected>
					<onclick>Skin.ToggleSetting(HomeMenuNoMusicButton)</onclick>
				</control>

				<!--<control type="radiobutton" id="6131">
					<label>Music Videos</label>
					<include>DefaultSettingButton</include>
					<selected>!Skin.HasSetting(HomeMenuNoMusicVideoButton)</selected>
					<onclick>Skin.ToggleSetting(HomeMenuNoMusicVideoButton)</onclick>
				</control>-->
				<control type="radiobutton" id="618">
					<label>TV Guide</label>
					<include>DefaultSettingButton</include>
					<selected>!Skin.HasSetting(HomeMenuNoTVButton)</selected>
					<onclick>Skin.ToggleSetting(HomeMenuNoTVButton)</onclick>
				</control>
				<!--<control type="radiobutton" id="619">
					<label>Radio</label>
					<include>DefaultSettingButton</include>
					<selected>!Skin.HasSetting(HomeMenuNoRadioButton)</selected>
					<onclick>Skin.ToggleSetting(HomeMenuNoRadioButton)</onclick>
				</control>-->
				<control type="radiobutton" id="614">
					<label>Apps</label>
					<include>DefaultSettingButton</include>
					<selected>!Skin.HasSetting(HomeMenuNoAppsButton)</selected>
					<onclick>Skin.ToggleSetting(HomeMenuNoAppsButton)</onclick>
				</control>
				<control type="radiobutton" id="615">
					<label>Use Built in Library</label>
					<include>DefaultSettingButton</include>
					<selected>!Skin.HasSetting(HomeMenuNoLibraryButton)</selected>
					<onclick>Skin.ToggleSetting(HomeMenuNoLibraryButton)</onclick>
				</control>
				<control type="radiobutton" id="616">
					<label>Videos</label>
					<include>DefaultSettingButton</include>
					<selected>!Skin.HasSetting(HomeMenuNoVideosButton)</selected>
					<onclick>Skin.ToggleSetting(HomeMenuNoVideosButton)</onclick>
				</control>
				<control type="radiobutton" id="6160">
					<label>My Sky Q</label>
					<include>DefaultSettingButton</include>
					<selected>!Skin.HasSetting(HomeMenuNoFavButton)</selected>
					<onclick>Skin.ToggleSetting(HomeMenuNoFavButton)</onclick>
				</control>

			 <control type="radiobutton" id="6162">
				 <label>Search</label>
				 <include>DefaultSettingButton</include>
				 <selected>!Skin.HasSetting(HomeMenuNoSearchButton)</selected>
				 <onclick>Skin.ToggleSetting(HomeMenuNoSearchButton)</onclick>
			 </control>
			</control>

			<control type="image">
				<description>Dialog Header image</description>
				<left>0</left>
				<top>160</top>
				<right>0</right>
				<height>3</height>
				<texture colordiffuse="button_focus" border="2">div-h.png</texture>
			</control>
			<control type="image">
				<description>Dialog Header image</description>
				<left>0</left>
				<bottom>134</bottom>
				<right>0</right>
				<height>3</height>
				<texture colordiffuse="button_focus" border="2">div-h.png</texture>
			</control>
		</control>

<!-- place main menu -->
				<control type="group">
					<depth>DepthContentPanel</depth>
					<include>OpenClose_Left</include>
					<include content="ContentPanel">
						<param name="width" value="522" />
					</include>
					<control type="fixedlist" id="9000">
						<left>0</left>
						<top>450</top>
						<width>462</width>
						<bottom>146</bottom>
						<movement>6</movement>
						<focusposition>0</focusposition>
						<onfocus>ClearProperty(listposition,home)</onfocus>
						<onright>10000</onright>
						<onup>700</onup>
						<ondown>700</ondown>
						<scrolltime tween="cubic" easing="out">500</scrolltime>
						<focusedlayout height="95">
							<control type="group">
								<animation effect="fade" start="100" end="0" time="0">UnFocus</animation>

								<!-- Box around menu items -->

								<control type="image">
									<left>70</left>
									<width>392</width>
									<height>85</height>
									<texture>menuselect.png</texture>
									<animation effect="fade" start="100" end="0" time="0" condition="[!Control.HasFocus(9000) + !ControlGroup(700).HasFocus] | System.HasModalDialog">Conditional</animation>
								</control>
							</control>
							<control type="image">
								<left>-3</left>
								<top>1</top>
								<width>95</width>
								<height>95</height>
								<texture>$INFO[ListItem.Art(thumb)]</texture>
							</control>
							<control type="label">
								<left>104</left>
								<top>0</top>
								<height>85</height>
								<width>392</width>
								<aligny>center</aligny>
								<font>font35_regular</font>
								<label>$INFO[ListItem.Label]</label>
								<texturefocus>menuselect.png</texturefocus>
								<shadowcolor>text_shadow</shadowcolor>
							</control>
						</focusedlayout>
						<itemlayout height="95">
							<control type="image">
								<left>-3</left>
								<top>1</top>
								<width>95</width>
								<height>95</height>
								<texture colordiffuse="44FFFFFF">$INFO[ListItem.Art(thumb)]</texture>
							</control>
							<control type="label">
								<left>104</left>
								<top>0</top>
								<height>95</height>
								<width>560</width>
								<aligny>center</aligny>
								<font>font35_regular</font>
								<label>$INFO[ListItem.Label]</label>
								<shadowcolor>text_shadow</shadowcolor>
							</control>
						</itemlayout>

				<content>
					<item id="1">
						<label>$LOCALIZE[128]</label>
						<onclick>noop</onclick>
					</item>
					<item id="2">
						<label>$LOCALIZE[31061]</label>
						<onclick>noop</onclick>
					</item>
					<item id="3">
						<label>$LOCALIZE[31159]</label>
						<onclick>noop</onclick>
					</item>
				</content>
			</control>
		</control>
		<control type="scrollbar" id="60">
			<right>0</right>
			<top>163</top>
			<width>12</width>
			<bottom>137</bottom>
			<orientation>vertical</orientation>
			<texturesliderbackground />
			<animation effect="slide" end="6,0" time="300" tween="sine" easing="inout" condition="!Control.HasFocus(60)">conditional</animation>
			<onleft>610</onleft>
			<onright>610</onright>
			<animation effect="fade" start="0" end="100" time="200" delay="300">Visible</animation>
			<animation effect="fade" start="100" end="0" time="200">Hidden</animation>
			<animation effect="fade" start="0" end="100" delay="300" time="320">WindowOpen</animation>
			<animation effect="fade" start="100" end="0" time="150">WindowClose</animation>
			<visible>Control.IsVisible(610)</visible>
		</control>
		<include content="TopBarT">
			<param name="breadcrumbs_label" value="$LOCALIZE[5] / $LOCALIZE[20077]" />
		</include>
		<control type="textbox" id="6">
			<include>OpenClose_Right</include>
			<description>description area</description>
			<left>510</left>
			<bottom>27</bottom>
			<width>1350</width>
			<height>100</height>
			<font>font30_regular</font>
			<align>justify</align>
			<textcolor>button_focus</textcolor>
			<label>$VAR[SkinSettingsHelpTextVar]</label>
			<autoscroll time="3000" delay="5000" repeat="5000">true</autoscroll>
		</control>
	</controls>
</window>
