<?xml version="1.0" encoding="UTF-8"?>
<fonts>
	<fontset id="Default" idloc="15109">
		<!-- Normal Fonts -->
		<font>
			<name>font10</name>
			<filename>NotoSans-Regular.ttf</filename>
			<size>23</size>
			<style>lighten</style>
		</font>
		<font>
			<name>font12</name>
			<filename>NotoSans-Regular.ttf</filename>
			<size>25</size>
			<style>lighten</style>
		</font>
		<font>
			<name>font13</name>
			<filename>NotoSans-Regular.ttf</filename>
			<size>30</size>
			<style>lighten</style>
		</font>
		<font>
			<name>font14</name>
			<filename>NotoSans-Regular.ttf</filename>
			<size>33</size>
			<style>lighten</style>
		</font>
		<font>
			<name>font25_narrow</name>
			<filename>NotoSans-Regular.ttf</filename>
			<size>25</size>
			<style>lighten</style>
			<linespacing>0.8</linespacing>
		</font>
		<font>
			<name>font27</name>
			<filename>NotoSans-Regular.ttf</filename>
			<size>27</size>
			<style>lighten</style>
		</font>
		<font>
			<name>font27_narrow</name>
			<filename>NotoSans-Regular.ttf</filename>
			<size>25</size>
			<style>lighten</style>
			<linespacing>0.8</linespacing>
		</font>
		<font>
			<name>font37a</name>
			<filename>NotoSans-Regular.ttf</filename>
			<size>37</size>
			<style>lighten</style>
		</font>
		<font>
			<name>font45</name>
			<filename>NotoSans-Regular.ttf</filename>
			<size>45</size>
			<style>lighten</style>
		</font>
		<font>
			<name>font60</name>
			<filename>NotoSans-Regular.ttf</filename>
			<size>60</size>
			<style>lighten</style>
		</font>
		<font>
			<name>font_clock</name>
			<filename>Roboto-Thin.ttf</filename>
			<size>70</size>
		</font>
		<!-- Title Fonts -->
		<font>
			<name>font_flag</name>
			<filename>NotoSans-Bold.ttf</filename>
			<size>18</size>
		</font>
		<font>
			<name>font20_title</name>
			<filename>NotoSans-Bold.ttf</filename>
			<size>20</size>
		</font>
		<font>
			<name>font25_title</name>
			<filename>NotoSans-Bold.ttf</filename>
			<size>25</size>
		</font>
		<font>
			<name>font30_title</name>
			<filename>NotoSans-Bold.ttf</filename>
			<size>30</size>
		</font>
		<font>
			<name>font32_title</name>
			<filename>NotoSans-Bold.ttf</filename>
			<size>32</size>
		</font>
		<font>
			<name>font36_title</name>
			<filename>NotoSans-Bold.ttf</filename>
			<size>36</size>
		</font>
		<font>
			<name>font45_title</name>
			<filename>NotoSans-Bold.ttf</filename>
			<size>45</size>
		</font>
		<font>
			<name>font52_title</name>
			<filename>NotoSans-Bold.ttf</filename>
			<size>52</size>
		</font>
		<font>
			<name>font_MainMenu</name>
			<filename>NotoSans-Bold.ttf</filename>
			<size>60</size>
		</font>
		<font>
			<name>WeatherTemp</name>
			<aspect>0.85</aspect>
			<filename>NotoSans-Bold.ttf</filename>
			<size>120</size>
		</font>
		<font>
			<name>Mono30</name>
			<filename>NotoMono-Regular.ttf</filename>
			<size>30</size>
		</font>
	</fontset>
	<fontset id="Arial" idloc="31053">
		<!-- Arial Font better for non English -->
		<font>
			<name>font10</name>
			<filename>arial.ttf</filename>
			<size>18</size>
		</font>
		<font>
			<name>font12</name>
			<filename>arial.ttf</filename>
			<size>22</size>
		</font>
		<font>
			<name>font13</name>
			<filename>arial.ttf</filename>
			<size>27</size>
		</font>
		<font>
			<name>font14</name>
			<filename>arial.ttf</filename>
			<size>30</size>
		</font>
		<font>
			<name>font25_narrow</name>
			<filename>arial.ttf</filename>
			<size>25</size>
			<linespacing>0.8</linespacing>
		</font>
		<font>
			<name>font27</name>
			<filename>arial.ttf</filename>
			<size>27</size>
		</font>
		<font>
			<name>font37</name>
			<filename>arial.ttf</filename>
			<size>37</size>
		</font>
		<font>
			<name>font45</name>
			<filename>arial.ttf</filename>
			<size>45</size>
		</font>
		<font>
			<name>font60</name>
			<filename>arial.ttf</filename>
			<size>60</size>
			<style>lighten</style>
		</font>
		<font>
			<name>font_clock</name>
			<filename>arial.ttf</filename>
			<size>70</size>
			<style>lighten</style>
		</font>
		<!-- Title Fonts -->
		<font>
			<name>font_flag</name>
			<filename>arial.ttf</filename>
			<size>18</size>
		</font>
		<font>
			<name>font20_title</name>
			<filename>arial.ttf</filename>
			<size>20</size>
			<style>bold</style>
		</font>
		<font>
			<name>font25_title</name>
			<filename>arial.ttf</filename>
			<size>25</size>
			<style>bold</style>
		</font>
		<font>
			<name>font30_title</name>
			<filename>arial.ttf</filename>
			<size>30</size>
			<style>bold</style>
		</font>
		<font>
			<name>font36_title</name>
			<filename>arial.ttf</filename>
			<size>36</size>
			<style>bold</style>
		</font>
		<font>
			<name>font45_title</name>
			<filename>arial.ttf</filename>
			<size>45</size>
			<style>bold</style>
		</font>
		<font>
			<name>font52_title</name>
			<filename>arial.ttf</filename>
			<size>52</size>
			<style>bold</style>
		</font>
		<font>
			<name>font_MainMenu</name>
			<filename>arial.ttf</filename>
			<size>52</size>
			<style>bold</style>
		</font>
		<font>
			<name>WeatherTemp</name>
			<filename>arial.ttf</filename>
			<size>120</size>
			<style>bold</style>
		</font>
		<font>
			<name>Mono30</name>
			<filename>arial.ttf</filename>
			<size>30</size>
		</font>
		<font>
        <name>font28_skyTVG</name>
        <filename>SkyMedium.ttf</filename>
			  <size>28</size>
			  <style>lighten</style>
			  <linespacing>1.0</linespacing>
        </font>
		<font>
        <name>font28LOWC_skyTVG</name>
        <filename>SkyMedium.ttf</filename>
			  <size>28</size>
		  	<style>lowercase lighten</style>
		  	<linespacing></linespacing>
        </font>
		<font>
        <name>font28B_skyTVG</name>
        <filename>SkyBold.ttf</filename>
			  <size>28</size>
			  <style>lighten</style>
		  	<linespacing>1.0</linespacing>
        </font>
		<font>
        <name>font25LOWCB_skyTVG</name>
        <filename>SkyMedium.ttf</filename>
			  <size>25</size>
		  	<style>lowercase bold</style>
		  	<linespacing>1.0</linespacing>
        </font>
		<font>
       <name>font25LOWCM_skyTVG</name>
       <filename>SkyMedium.ttf</filename>
			 <size>25</size>
			 <style>lowercase lighten</style>
			 <linespacing>1.0</linespacing>
       </font>
		<font>
       <name>font25MB_skyTVG</name>
       <filename>SkyMedium.ttf</filename>
			 <size>25</size>
			 <style>bold</style>
			 <linespacing></linespacing>
       </font>
		<font>
       <name>font32M_skyTVG</name>
       <filename>SkyMedium.ttf</filename>
			 <size>32</size>
			 <style>lighten</style>
			 <linespacing>1.0</linespacing>
       </font>
		<font>
       <name>font35B_skyTVG</name>
       <filename>SkyBold.ttf</filename>
			 <size>35</size>
			 <style>lighten</style>
			 <linespacing>1.0</linespacing>
       </font>
		<font>
        <name>font44M_skyTVGW</name>
        <filename>SkyMedium.ttf</filename>
			  <size>44</size>
			  <style>lighten</style>
			  <linespacing>1.2</linespacing>
    </font>
	</fontset>
</fonts>
