<?xml version="1.0" encoding="UTF-8"?>
<addon id="script.webgrab" version="2.0.0+matrix" name="Webgrab+Plus Configurator" provider-name="primaeval,Abbey">
<requires>
  <import addon="xbmc.python" version="3.0.0"/>
  <import addon="script.module.xbmcswift2"/>
  <import addon="script.module.requests"/>
</requires>
<extension point="xbmc.python.pluginsource" library="main.py">
  <provides>executable</provides>
</extension>
<extension point="xbmc.addon.metadata">
  <summary lang="en">Webgrab+Plus Configurator</summary>
  <description lang="en">Easily set up your Webgrab+Plus config and ini files.</description>
  <disclaimer lang="en">.</disclaimer>
  <assets>
			<icon>icon.png</icon>
		</assets>
</extension>
</addon>
