<?xml version="1.0" encoding="UTF-8"?>
<includes>
	<include name="View_51_Poster">
		<control type="button" id="20000">
			<description>Dummy button to get animations right (hide focusedlayout on animations)</description>
			<include>HiddenObject</include>
			<animation effect="fade" delay="500" time="0" start="100" end="0">Visible</animation>
			<animation effect="fade" delay="500" time="0" start="100" end="0">WindowOpen</animation>
			<onclick>noop</onclick>
		</control>
		<control type="group">
			<description>Poster Viewtype</description>
			<height>720</height>
			<control type="image">
				<left>500</left>
				<top>600</top>
				<width>100%</width>
				<height>410</height>
				<animation effect="fade" start="0" end="100" time="300">WindowOpen</animation>
				<animation effect="fade" start="100" end="0" time="300">WindowClose</animation>
				<animation effect="fade" time="200">VisibleChange</animation>
				<texture colordiffuse="E6FFFFFF">dialogs/dialog-bg-nobo.png</texture>
			</control>
			<control type="group">
				<include>Visible_Right</include>
				<include>OpenClose_Right</include>
				<control type="fixedlist" id="51">
					<left>510</left>
					<top>600</top>
					<width>98%</width>
					<height>704</height>
					<focusposition>1</focusposition>
					<movement>0</movement>
					<pagecontrol>5199</pagecontrol>
					<scrolltime tween="cubic" easing="out">500</scrolltime>
					<orientation>horizontal</orientation>
					<onleft>51</onleft>
					<onup>9000</onup>
					<ondown>5199</ondown>
					<onright>51</onright>
					<hitrect x="100" y="0" w="800" h="400" />
					<visible>Container.Content(movies) | Container.Content(seasons) | Container.Content(sets) | Container.Content(tvshows)</visible>
					<preloaditems>1</preloaditems>
					<viewtype label="20021">icon</viewtype>
					<itemlayout width="317">
						<control type="group">
							<left>-220</left>
							<top>18</top>
							<include>InfoWallMovieLayout</include>
						</control>
					</itemlayout>
					<focusedlayout width="490">
						<control type="group">
							<control type="group">
								<left>-220</left>
								<top>10</top>
								<visible>Container.OnScrollPrevious</visible>
								<visible>Control.IsVisible(20000)</visible>
								<animation effect="fade" time="200" start="100" end="0">Hidden</animation>
								<include>InfoWallMovieLayout</include>
							</control>
							<control type="group">
								<left>-40</left>
								<top>10</top>
								<visible>Container.OnScrollNext</visible>
								<visible>Control.IsVisible(20000)</visible>
								<animation effect="fade" time="200" start="100" end="0">Hidden</animation>
								<include>InfoWallMovieLayout</include>
							</control>
						</control>
					</focusedlayout>
				</control>
				<control type="group">
					<top>25</top>
					<control type="group">
						<left>635</left>
						<top>480</top>
						<height>245</height>
						<visible>ListItem.IsCollection</visible>
						<include content="InfoList">
							<param name="bottom" value="0" />
							<param name="sortby" value="year" />
							<param name="sortorder" value="descending" />
							<param name="font" value="font13" />
						</include>
					</control>

				</control>
			</control>
		</control>

		</control>

	</include>
</includes>
