<?xml version="1.0" encoding="UTF-8"?>
<window>
	<defaultcontrol always="true">50</defaultcontrol>
	<backgroundcolor>background</backgroundcolor>
	<views>50</views>
	<controls>
		<include>DefaultBackground</include>
		<control type="group">
			<animation effect="fade" start="100" end="0" time="200" tween="sine" condition="$EXP[infodialog_active]">Conditional</animation>
			<control type="group">
				<visible>Control.IsVisible(50)</visible>
				<include>OpenClose_Right</include>
				<control type="fixedlist" id="50">
					<left>490</left>
					<top>list_y_offset</top>
					<right>0</right>
					<bottom>list_y_offset</bottom>
					<onleft>9000</onleft>
					<onright>60</onright>
					<onup>50</onup>
					<movement>2</movement>
					<focusposition>3</focusposition>
					<ondown>50</ondown>
					<viewtype label="535">list</viewtype>
					<pagecontrol>60</pagecontrol>
					<scrolltime tween="cubic" easing="out">500</scrolltime>
					<itemlayout height="141" width="eventloglist_width">
						<control type="image">
							<left>10</left>
							<top>10</top>
							<width>120</width>
							<height>120</height>
							<texture fallback="DefaultAddon.png">$INFO[Listitem.Icon]</texture>
							<aspectratio>scale</aspectratio>
							<bordertexture colordiffuse="border_alpha">colors/black.png</bordertexture>
							<bordersize>4</bordersize>
						</control>
						<control type="label">
							<left>160</left>
							<right>400</right>
							<top>10</top>
							<height>35</height>
							<aligny>center</aligny>
							<font>font37</font>
							<label>$INFO[ListItem.Label]</label>
						</control>
						<control type="textbox">
							<left>160</left>
							<top>45</top>
							<right>20</right>
							<height>60</height>
							<aligny>top</aligny>
							<textcolor>grey</textcolor>
							<label>$INFO[ListItem.Property(Event.Description)]</label>
						</control>
						<control type="label">
							<left>0</left>
							<right>30</right>
							<top>10</top>
							<height>35</height>
							<align>right</align>
							<aligny>center</aligny>
							<label>$INFO[ListItem.Label2]</label>
						</control>
					</itemlayout>
					<focusedlayout height="141" width="eventloglist_width">
						<control type="image">
							<left>0</left>
							<top>0</top>
							<right>0</right>
							<bottom>0</bottom>
							<texture colordiffuse="button_focus">lists/focus.png</texture>
							<visible>Control.HasFocus(50)</visible>
						</control>
						<control type="image">
							<left>10</left>
							<top>10</top>
							<width>120</width>
							<height>120</height>
							<texture fallback="DefaultAddon.png">$INFO[Listitem.Icon]</texture>
							<aspectratio>scale</aspectratio>
							<bordertexture colordiffuse="border_alpha">colors/black.png</bordertexture>
							<bordersize>4</bordersize>
						</control>
						<control type="label">
							<left>160</left>
							<right>400</right>
							<top>10</top>
							<height>35</height>
							<aligny>center</aligny>
							<font>font37</font>
							<label>$INFO[ListItem.Label]</label>
						</control>
						<control type="textbox">
							<left>160</left>
							<top>45</top>
							<right>20</right>
							<height>60</height>
							<aligny>top</aligny>
							<label>$INFO[ListItem.Property(Event.Description)]</label>
						</control>
						<control type="label">
							<left>0</left>
							<right>30</right>
							<top>10</top>
							<height>35</height>
							<align>right</align>
							<aligny>center</aligny>
							<label>$INFO[ListItem.Label2]</label>
						</control>
					</focusedlayout>
				</control>
			</control>

			<control type="group">
				<depth>DepthContentPanel</depth>
				<include>OpenClose_Left</include>
				<include content="ContentPanel">
					<param name="width" value="550" />
				</include>
				<control type="grouplist" id="9000">
					<orientation>vertical</orientation>
					<itemgap>-8.5</itemgap>
					<left>0</left>
					<top>120</top>
					<onup>9000</onup>
					<ondown>9000</ondown>
					<onleft>50</onleft>
					<onright>50</onright>
					<usecontrolcoords>true</usecontrolcoords>
					<width>490</width>
					<control type="togglebutton" id="4">
						<height>110</height>
						<aligny>top</aligny>
						<textoffsetx>40</textoffsetx>
						<texturenofocus />
						<texturefocus colordiffuse="button_focus">lists/focus.png</texturefocus>
						<alttexturenofocus></alttexturenofocus>
						<alttexturefocus colordiffuse="button_focus">lists/focus.png</alttexturefocus>
						<textoffsety>35</textoffsety>
						<label>$LOCALIZE[31032]: $LOCALIZE[584]</label>
						<altlabel>$LOCALIZE[31032]: $LOCALIZE[585]</altlabel>
					</control>
					<include content="PlaylistWindowButton">
						<param name="control_id" value="21" />
						<param name="onclick" value="" />
						<param name="label" value="" />
					</include>
					<control type="radiobutton" id="22">
						<height>110</height>
						<aligny>top</aligny>
						<texturenofocus />
						<texturefocus colordiffuse="button_focus">lists/focus.png</texturefocus>
						<textoffsetx>40</textoffsetx>
						<textoffsety>35</textoffsety>
					</control>
					<include content="PlaylistWindowButton">
						<param name="control_id" value="20" />
						<param name="onclick" value="" />
						<param name="label" value="$LOCALIZE[192]" />
					</include>
					<include content="PlaylistWindowButton">
						<param name="control_id" value="501" />
						<param name="onclick" value="ActivateWindow(systemsettings,logging)" />
						<param name="label" value="$LOCALIZE[5]" />
					</include>
				</control>
				<control type="image">
					<left>70</left>
					<bottom>90</bottom>
					<width>300</width>
					<height>300</height>
					<fadetime>300</fadetime>
					<aspectratio aligny="bottom">keep</aspectratio>
					<texture fallback="DefaultAddon.png">$INFO[ListItem.Icon]</texture>
					<bordertexture border="21">overlays/shadow.png</bordertexture>
					<bordersize>20</bordersize>
				</control>
			</control>

			<!--
			<control type="group">
				<depth>DepthContentPanel</depth>
				<include>OpenClose_Left</include>
				<include content="ContentPanel">
					<param name="width" value="522" />
				</include>
				<control type="fixedlist" id="9000">
					<left>0</left>
					<top>365</top>
					<width>462</width>
					<bottom>146</bottom>
					<movement>6</movement>
					<focusposition>1</focusposition>
					<onfocus>ClearProperty(listposition,home)</onfocus>
					<onright>SetFocus($INFO[Container(9000).ListItem.Property(menu_id)])</onright>
					<onup>700</onup>
					<ondown>700</ondown>
					<scrolltime tween="cubic" easing="out">500</scrolltime>
					<focusedlayout height="95">
						<control type="group">
							<animation effect="fade" start="100" end="0" time="0">UnFocus</animation>

							<control type="image">
								<left>70</left>
								<width>395</width>
								<height>104</height>
								<texture>menuselect.png</texture>
								<animation effect="fade" start="100" end="0" time="0" condition="[!Control.HasFocus(9000) + !ControlGroup(700).HasFocus] | System.HasModalDialog">Conditional</animation>
							</control>
						</control>
						<control type="image">
							<left>-3</left>
							<top>1</top>
							<width>95</width>
							<height>95</height>
							<texture>$INFO[ListItem.Art(thumb)]</texture>
						</control>
						<control type="label">
							<left>104</left>
							<top>0</top>
							<height>95</height>
							<width>560</width>
							<aligny>center</aligny>
							<font>font37</font>
							<label>$INFO[ListItem.Label]</label>
							<shadowcolor>text_shadow</shadowcolor>
						</control>
					</focusedlayout>
					<itemlayout height="95">
						<control type="image">
							<left>-3</left>
							<top>1</top>
							<width>95</width>
							<height>95</height>
							<texture colordiffuse="44FFFFFF">$INFO[ListItem.Art(thumb)]</texture>
						</control>
						<control type="label">
							<left>104</left>
							<top>0</top>
							<height>95</height>
							<width>560</width>
							<aligny>center</aligny>
							<font>font37</font>
							<label>$INFO[ListItem.Label]</label>
							<shadowcolor>text_shadow</shadowcolor>
						</control>
					</itemlayout>

					<content>
						<item>
							<label>Sky Cinema</label>
							<onclick condition="Library.HasContent(movies)">ActivateWindow(Videos,videodb://movies/titles/,return)</onclick>
							<onclick condition="!Library.HasContent(movies)">ActivateWindow(Videos,sources://video/,return)</onclick>
							<property name="menu_id">$NUMBER[5000]</property>
							<property name="id">movies</property>
							<visible>!Skin.HasSetting(HomeMenuNoMovieButton)</visible>
						</item>
						<item>
							<label>Sky Boxsets</label>
							<onclick condition="Library.HasContent(tvshows)">ActivateWindow(Videos,videodb://tvshows/titles/,return)</onclick>
							<onclick condition="!Library.HasContent(tvshows)">ActivateWindow(Videos,sources://video/,return)</onclick>
							<property name="menu_id">$NUMBER[6000]</property>
							<property name="id">tvshows</property>
							<visible>!Skin.HasSetting(HomeMenuNoTVShowButton)</visible>
						</item>
						<item>
							<label>Music</label>
							<property name="menu_id">$NUMBER[16500]</property>
							<onclick>ActivateWindow(Videos,music,return)</onclick>
							<property name="id">music</property>
							<visible>!Skin.HasSetting(HomeMenuNoMusicButton)</visible>
						</item>
						<item>
							<label>TV</label>
							<property name="menu_id">$NUMBER[12000]</property>
							<onclick>ActivateWindow(TVGuide)</onclick>
							<property name="id">livetv</property>
							<visible>!Skin.HasSetting(HomeMenuNoTVButton)</visible>
						</item>
						<item>
							<label>Catchup TV</label>
							<property name="menu_id">$NUMBER[13500]</property>
							<onclick>ActivateWindow(1112)</onclick>
							<property name="id">catchuptv</property>
							<visible>!Skin.HasSetting(HomeMenuNoTVButton)</visible>
						</item>
						<item>
							<label>Plugins</label>
							<property name="menu_id">$NUMBER[8000]</property>
							<onclick>ActivateWindow(1100)</onclick>
							<property name="id">addons</property>
							<visible>!Skin.HasSetting(HomeMenuNoProgramsButton)</visible>
						</item>
						<item>
							<label>Videos</label>
							<onclick>ActivateWindow(Videos,root)</onclick>
							<property name="menu_id">$NUMBER[11000]</property>
							<property name="id">video</property>
							<visible>!Skin.HasSetting(HomeMenuNoVideosButton)</visible>
						</item>
						<item>
							<label>My Q</label>
							<onclick>ActivateWindow(favourites)</onclick>
							<property name="menu_id">$NUMBER[14000]</property>
							<property name="id">favorites</property>
							<visible>!Skin.HasSetting(HomeMenuNoFavButton)</visible>
						</item>
					</content>

				</control>

			</control>

		-->

			<control type="scrollbar" id="60">
				<right>0</right>
				<top>80</top>
				<width>12</width>
				<bottom>80</bottom>
				<onleft>50</onleft>
				<onright>9000</onright>
				<orientation>vertical</orientation>
				<animation effect="slide" end="6,0" time="300" tween="sine" easing="inout" condition="!Control.HasFocus(60)">conditional</animation>
				<visible>Control.IsVisible(50)</visible>
			</control>
		</control>
	</controls>
</window>
