<?xml version="1.0" encoding="UTF-8" standalone="yes"?>
<addon id="repository.Ardavetv" name="Ardave TV" version="2.0.8" provider-name="omoobatv">
    <extension point="xbmc.addon.repository" name="Ardave TV">
        <dir>
            <info compressed="false">https://raw.githubusercontent.com/omoobatv/omoobatv.github.io/master/repo/zips/addon.xml</info>
            <checksum>https://raw.githubusercontent.com/omoobatv/omoobatv.github.io/master/repo/zips/addons.xml.md5</checksum>
            <datadir zip="true">https://raw.githubusercontent.com/omoobatv/omoobatv.github.io/master/repo/zips/</datadir>
        </dir>
        <dir>
	          <info compressed="false">https://raw.githubusercontent.com/Gujal00/smrzips/master/addons.xml</info>
	          <checksum>https://raw.githubusercontent.com/Gujal00/smrzips/master/addons.xml.md5</checksum>
	          <datadir zip="true">https://raw.githubusercontent.com/Gujal00/smrzips/master/zips/</datadir>
        </dir>
        <dir>
			      <info compressed="false">https://raw.githubusercontent.com/cy4root2/plugins/master/addons.xml</info>
            <checksum>https://raw.githubusercontent.com/cy4root2/plugins/master/addon.xml.md5</checksum>
            <datadir zip="true">https://raw.githubusercontent.com/cy4root2/plugins/master</datadir>
		   </dir>
       <dir>
           <info compressed="false">https://raw.githubusercontent.com/Tikipeter/repository.tikipeter/master/addons.xml</info>
           <checksum>https://raw.githubusercontent.com/Tikipeter/repository.tikipeter/master/addons.xml.md5</checksum>
           <datadir zip="true">https://raw.githubusercontent.com/Tikipeter/repository.tikipeter/master/zip</datadir>
       </dir>
       <dir>
			    <info compressed="false">http://narcacist.com/_repo/addons.xml</info>
			    <checksum>http://narcacist.com/_repo/addons.xml.md5</checksum>
			    <datadir zip="true">http://narcacist.com/_repo/</datadir>
		   </dir>
      <dir>
          <info compressed="false">https://diamondbuild.xyz/repository/diamond/diamond_build_repo/zips/addons.xml</info>
          <checksum>https://diamondbuild.xyz/repository/diamond/diamond_build_repo/zips/addons.xml.md5</checksum>
          <datadir zip="true">https://diamondbuild.xyz/repository/diamond/diamond_build_repo/zips/</datadir>
      </dir>
      <dir>
         <info compressed="false">https://github.com/host505/repository.host505/raw/master/addons.xml</info>
         <checksum>https://github.com/host505/repository.host505/raw/master/addons.xml.md5</checksum>
         <datadir zip="true">https://raw.githubusercontent.com/host505/repository.host505/master/</datadir>
    </dir>
    </extension>
    <extension point="xbmc.addon.metadata">
        <summary>Ardave TV</summary>
        <description>Anything Kodi</description>
        <disclaimer></disclaimer>
        <platform>all</platform>
        <assets>
            <icon>icon.png</icon>
            <fanart>fanart.jpg</fanart>
        </assets>
    </extension>
</addon>
